annee,departement,sejours,nuitees,conso_touristique,duree_sejour,repeaters,hebergement_marchand,voyagent_individuel,motif_personnel,depense_jour_personne,budget_sejour,satisfaction_globale,nps,intention_revenir,transport_avion,transport_train,transport_route,satisfaction_proprete,satisfaction_securite,satisfaction_restauration,satisfaction_transport,satisfaction_culture,sejours_total_idf,nuitees_total_idf,is_covid,repeaters_pct,satisfaction_globale_pct,hebergement_marchand_pct,voyagent_individuel_pct,motif_personnel_pct,transport_avion_pct,transport_train_pct,transport_route_pct,satisfaction_proprete_pct,satisfaction_securite_pct,satisfaction_restauration_pct,satisfaction_transport_pct,satisfaction_culture_pct,intention_revenir_pct,part_sejours_idf,zone,evol_sejours_pct,depense_totale_estimee,zone_detail,code_dept,sejours_millions,nuitees_millions,conso_milliards
2014,Essonne,1790964.35471361,5551239.578269495,489422347.8425542,3.0995812751154297,0.9203651,0.4065589,0.9513355,0.6731194,88.1645155,273.273081373424,0.936405,15.033479999999996,0.7238072,0.1606672,0.1253068,0.714026,0.659951,0.7167512,0.902773,0.7813786,0.9630109,45805326.20117184,170763889.39044192,False,92.03651,93.6405,40.65589000000001,95.13355,67.31194,16.06672,12.53068,71.4026,65.9951,71.67512,90.2773,78.13786,96.30109,72.38072,3.909947823202691,Grande couronne,,489422347.8425542,Essonne (91),91,1.7909643547136098,5.551239578269494,0.48942234784255423
2015,Essonne,1971556.21947007,6511303.385817675,513192213.4643053,3.3026212093347422,0.9471979,0.4517323,0.9498056,0.6322742,78.8155893,260.29803684839635,0.914807,8.185049999999999,0.7666185,0.1473054,0.0976743,0.7550204,0.6252059,0.7219593,0.8716688,0.7828032,0.9487467,47024971.27799479,173545351.86551732,False,94.71979,91.4807,45.17323,94.98056,63.22742,14.73054,9.76743,75.50204000000001,62.52059,72.19593,87.16688,78.28032,94.87467,76.66185,4.192572937078336,Grande couronne,10.083498550999238,513192213.4643053,Essonne (91),91,1.97155621947007,6.5113033858176745,0.5131922134643053
2016,Essonne,1901362.3579378007,7321165.384537263,537200774.3642908,3.850484024769339,0.9362804,0.4531067,0.898685,0.6644051,73.376402,282.534663696053,0.9209561,12.89251,0.7946847,0.1511013,0.132686,0.7162127,0.5627808000000001,0.7176215,0.8936168,0.8324537000000001,0.9473578,45053118.14012324,168323588.77563253,False,93.62804,92.09561,45.31067,89.8685,66.44051,15.11013,13.2686,71.62127000000001,56.27808000000001,71.76215,89.36167999999999,83.24537000000001,94.73578,79.46847,4.2202680667389645,Grande couronne,-3.56032766598644,537200774.3642908,Essonne (91),91,1.9013623579378007,7.321165384537263,0.5372007743642908
2017,Essonne,1663921.4596791673,5434054.587509365,420481006.7602236,3.26581195037724,0.9273301,0.4809812,0.8801059,0.6189254,77.3788706,252.70484031217407,0.9362782,4.294429999999999,0.8294541000000001,0.1430066,0.1370707,0.7199227,0.559923,0.7453105,0.8885027999999999,0.7488079000000001,0.9521789,48126217.61867475,179606704.53159204,False,92.73301,93.62782,48.09812000000001,88.01059,61.89254,14.30066,13.707069999999998,71.99227,55.99229999999999,74.53105,88.85028,74.88079,95.21789,82.94541000000001,3.4574116604449388,Grande couronne,-12.487935151727712,420481006.7602236,Essonne (91),91,1.6639214596791672,5.434054587509364,0.42048100676022365
2018,Essonne,2150780.46266549,7790366.715865678,581070483.1548758,3.622111531648831,0.9031666,0.3968738,0.829101,0.6063434,74.5883351,270.16726869219724,0.8863438,8.09492,0.7795871,0.1370338,0.1313371,0.7316291,0.5507476,0.694543,0.886279,0.8087212,0.9432212,50072565.40452994,191943420.85517684,False,90.31666,88.63438000000001,39.68738,82.9101,60.63434,13.70338,13.13371,73.16291,55.07476,69.4543,88.62790000000001,80.87212000000001,94.32212,77.95871,4.295327082384548,Grande couronne,29.25973459589839,581070483.1548758,Essonne (91),91,2.15078046266549,7.790366715865678,0.5810704831548757
2019,Essonne,1972316.9902931573,7096192.936037748,474274611.93122834,3.597896773673789,0.9252674,0.4644222,0.833836,0.6150708,66.8350785,240.4657133033844,0.8822888,5.359219999999998,0.7484103999999999,0.1528873,0.1609696,0.686143,0.6189171,0.7527332,0.9130957,0.7966233,0.9523172,50584879.11865042,196361211.53661975,False,92.52674,88.22888,46.442220000000006,83.3836,61.50708,15.28873,16.09696,68.6143,61.89171,75.27332,91.30957,79.66233,95.23172,74.84103999999999,3.899024816619504,Grande couronne,-8.297614539010656,474274611.93122834,Essonne (91),91,1.9723169902931572,7.096192936037748,0.47427461193122833
2020,Essonne,990361.6324898445,4286773.158052396,260623901.4971392,4.328492762058161,0.9196919,0.4059558,0.8537451,0.7099052,60.7972225,263.16033754448955,0.9146065,8.384649999999999,0.8122765999999999,0.040416,0.1399666,0.8196174,0.6584114999999999,0.6902548,0.9124486,0.8023181,0.9144979,17411689.632677298,66128161.16805763,True,91.96919,91.46065000000002,40.595580000000005,85.37451,70.99052,4.0416,13.99666,81.96174,65.84115,69.02547999999999,91.24486,80.23181000000001,91.44979,81.22765999999999,5.68791227837641,Grande couronne,-49.78689341703429,260623901.4971392,Essonne (91),91,0.9903616324898444,4.286773158052396,0.2606239014971392
2021,Essonne,1123036.8187385476,4515932.796652763,291098791.09240097,4.021179645494874,0.9524768,0.5103254,0.8836249,0.7794222,64.4603904,259.20680981713315,0.9460739,10.445990000000004,0.8353309000000001,0.2049226,0.2551236,0.5399537,0.6405868,0.6618337,0.8910936,0.7612934,0.8748693999999999,22608370.153213795,82549300.81827837,True,95.24768,94.60739,51.03254,88.36249000000001,77.94221999999999,20.49226,25.51236,53.99537,64.05868,66.18337,89.10936000000001,76.12934,87.48693999999999,83.53309000000002,4.967349752007254,Grande couronne,13.396640368139836,291098791.09240097,Essonne (91),91,1.1230368187385475,4.515932796652764,0.29109879109240094
2022,Essonne,1587582.1092929754,7146712.683156459,425269056.039118,4.501633421870207,0.9274392,0.4016,0.870197,0.8039726,59.5055482,267.87216456382856,0.9603812,22.09105,0.7589543000000001,0.242124,0.2843162,0.4735598,0.6314706,0.7244767,0.9056818,0.8157999,0.9031871,44085351.650253415,171921744.81550583,False,92.74392,96.03812,40.16,87.0197,80.39726,24.2124,28.43162,47.35598,63.14706,72.44767,90.56818,81.57999000000001,90.31871,75.89543,3.6011555990023494,Grande couronne,41.36509888217456,425269056.039118,Essonne (91),91,1.5875821092929754,7.1467126831564585,0.42526905603911797
2023,Essonne,1700593.7758676207,7272141.718988379,438689924.6337194,4.276236819271097,0.9159425,0.3959715,0.8312672,0.7799264,60.3247216,257.9627956181984,0.9573555,9.43865,0.8171805,0.281423,0.2126008,0.5059762,0.5159838999999999,0.6576035,0.9051881,0.7322982,0.8878166000000001,47580278.49712865,175134811.62252828,False,91.59425,95.73555,39.59715,83.12671999999999,77.99264000000001,28.1423,21.26008,50.59762,51.59839,65.76035,90.51881,73.22982,88.78166,81.71804999999999,3.574156834685714,Grande couronne,7.118476953924269,438689924.6337194,Essonne (91),91,1.7005937758676206,7.2721417189883795,0.43868992463371936
2024,Essonne,1623476.726234218,6617499.707897112,414100722.2191905,4.076128472286094,0.9222505,0.4692208999999999,0.8460772000000001,0.7732936,62.5766136,255.07031639420524,0.9584262,14.198129999999995,0.8346534999999999,0.2823154,0.1982465,0.5194381,0.5876632,0.7125769,0.9136234,0.7236583,0.9355953,48660960.24694117,180395847.01733667,False,92.22505,95.84261999999998,46.92209,84.60772000000001,77.32936000000001,28.23154,19.82465,51.94381,58.76632000000001,71.25769,91.36234,72.36583,93.55953,83.46535,3.336302280093764,Grande couronne,-4.534713153002034,414100722.2191905,Essonne (91),91,1.623476726234218,6.617499707897112,0.4141007222191905
2025,Essonne,1815804.880051332,8191548.323607123,413560032.29361737,4.511249206123706,0.9472748,0.369699,0.8305508,0.7989513,50.486186,227.75576651271373,0.9681945,-5.356660000000008,0.8517704,0.1822758,0.2470413,0.570683,0.5873946999999999,0.6647197,0.9055897,0.7233392000000001,0.9472741,49033379.80237833,175116048.7889526,False,94.72748,96.81945,36.9699,83.05508,79.89513000000001,18.22758,24.70413,57.06830000000001,58.73947,66.47197,90.55897,72.33392,94.72741,85.17704,3.703201548352696,Grande couronne,11.846683768804889,413560032.29361737,Essonne (91),91,1.815804880051332,8.191548323607124,0.4135600322936174
2014,Hauts-de-Seine,4384265.270699649,15842965.675321972,1663420707.6046884,3.6135965086788016,0.8657293,0.5891808000000002,0.9440415,0.6053804,104.9942758,379.4069484621392,0.904779,21.19205,0.665166,0.2080698,0.3218773,0.4700529,0.5900591,0.7336524,0.8576656,0.7794825999999999,0.9371707,45805326.20117184,170763889.39044192,False,86.57293,90.4779,58.91808000000002,94.40415000000002,60.53804,20.80698,32.187729999999995,47.00529,59.00590999999999,73.36524,85.76656,77.94825999999999,93.71707,66.5166,9.571518498622735,Petite couronne,,1663420707.6046884,Hauts-de-Seine (92),92,4.384265270699649,15.842965675321972,1.6634207076046883
2015,Hauts-de-Seine,4116815.929535886,15013768.482411446,1596906002.4266007,3.6469370356580506,0.8805991,0.6043614,0.9289756,0.5694703,106.3627699,387.8983247634853,0.9305048,20.688050000000004,0.7331767,0.2133865,0.3365588,0.4500547,0.5941756,0.7237836,0.8605202999999999,0.8348682000000001,0.9569829,47024971.27799479,173545351.86551732,False,88.05991,93.05048,60.43614,92.89756,56.94703,21.33865,33.65588,45.00547,59.41756,72.37836,86.05202999999999,83.48682000000001,95.69829,73.31767,8.754531513052383,Petite couronne,-6.1002089210054455,1596906002.4266007,Hauts-de-Seine (92),92,4.1168159295358855,15.013768482411447,1.5969060024266006
2016,Hauts-de-Seine,4089592.983193489,14706112.599160852,1584525903.714574,3.595984407151715,0.8863669,0.5683921000000001,0.8476101,0.5608128,107.7460745,387.45320383380704,0.9232966,22.9493,0.7509194,0.2165178,0.3109439,0.4725383,0.5541176,0.7475424,0.8572295999999999,0.8156457,0.9550521,45053118.14012324,168323588.77563253,False,88.63669,92.32966,56.83921000000001,84.76101,56.08128,21.65178,31.09439,47.25383,55.41176,74.75424000000001,85.72295999999999,81.56457,95.50521,75.09194000000001,9.07726956983116,Petite couronne,-0.6612621698018462,1584525903.714574,Hauts-de-Seine (92),92,4.089592983193489,14.706112599160852,1.584525903714574
2017,Hauts-de-Seine,4221559.09098995,14685674.68675259,1559969466.0671773,3.478732470687463,0.9028874,0.5819795,0.8503842,0.5325483,106.2238882,369.5244890440149,0.9303845,25.38686000000001,0.7351000000000001,0.1651539,0.3854204,0.4494256,0.5683346,0.7472025,0.8647758999999999,0.8177852,0.9730875,48126217.61867475,179606704.53159204,False,90.28874,93.03845,58.19795,85.03842,53.25483,16.51539,38.54204,44.94256,56.83346,74.72025,86.47758999999999,81.77852,97.30875,73.51,8.771848900404402,Petite couronne,3.226876325805206,1559969466.0671773,Hauts-de-Seine (92),92,4.22155909098995,14.68567468675259,1.5599694660671772
2018,Hauts-de-Seine,4187420.7548407214,14678528.09650855,1343506594.586902,3.505386479144698,0.9149466,0.535754,0.7965695,0.5629667,91.5287,320.84346743369133,0.9168762,26.36551,0.7749276,0.1724906,0.3869103,0.4405991,0.5918603,0.7533221,0.9137852,0.8407703,0.9544315,50072565.40452994,191943420.85517684,False,91.49466,91.68762,53.5754,79.65695000000001,56.296670000000006,17.24906,38.69103,44.05991,59.18603,75.33221,91.37852,84.07703,95.44315,77.49276,8.362704648765403,Petite couronne,-0.8086665474395516,1343506594.586902,Hauts-de-Seine (92),92,4.187420754840721,14.678528096508549,1.3435065945869018
2019,Hauts-de-Seine,4258830.996902924,14578390.865400849,1304569123.152325,3.423096825397025,0.910966,0.5395952999999999,0.8053525,0.5838058,89.4864965,306.320942085052,0.9002297,28.451059999999995,0.7787157,0.174301,0.3889472,0.4367518,0.5881510000000001,0.7651910000000001,0.8834813,0.7938048,0.9542209,50584879.11865042,196361211.53661975,False,91.0966,90.02297,53.95952999999999,80.53525,58.38058,17.4301,38.89472,43.675180000000005,58.81510000000001,76.51910000000001,88.34813,79.38047999999999,95.42209,77.87157,8.419177966035136,Petite couronne,1.7053514858675456,1304569123.152325,Hauts-de-Seine (92),92,4.258830996902924,14.578390865400848,1.3045691231523249
2020,Hauts-de-Seine,1767384.0911447948,6526614.329240156,524795206.289871,3.692810386797499,0.9391641,0.5254941,0.8330126999999999,0.6873791,80.4084905,296.93330890510805,0.9463743,17.22306,0.7976431,0.053039,0.318806,0.628155,0.6075904999999999,0.6659189999999999,0.9233247,0.781392,0.9205437,17411689.632677298,66128161.16805763,True,93.91641,94.63743,52.54941,83.30126999999999,68.73791,5.3039000000000005,31.8806,62.8155,60.75905,66.5919,92.33247,78.1392,92.05437,79.76431000000001,10.150560505212924,Petite couronne,-58.50072255907644,524795206.289871,Hauts-de-Seine (92),92,1.7673840911447949,6.526614329240156,0.524795206289871
2021,Hauts-de-Seine,2068687.9504295904,8053059.249704992,592295242.3457471,3.8928342227897,0.9427716,0.4947531999999999,0.8832388,0.7073137,73.5490978,286.31444497114666,0.9570093,17.674200000000003,0.815449,0.1764797,0.4124824,0.4110378,0.4713132,0.6420592,0.8937004,0.7901976,0.9304521,22608370.153213795,82549300.81827837,True,94.27716,95.70093,49.47532,88.32388,70.73137,17.647969999999997,41.24824,41.10378,47.13132,64.20592,89.37003999999999,79.01976,93.04521,81.5449,9.150097669183486,Petite couronne,17.048012415322276,592295242.3457471,Hauts-de-Seine (92),92,2.0686879504295903,8.053059249704992,0.5922952423457472
2022,Hauts-de-Seine,4272978.824287964,16874253.446015947,1452500855.8637545,3.9490608636067415,0.8793358,0.5180081,0.8522924,0.7231304,86.0779329,339.9269960355571,0.9432716,26.03127,0.7710912,0.2748442,0.3906076,0.3345482,0.5311462,0.6473461,0.9089912,0.8692206,0.9336855,44085351.650253415,171921744.81550583,False,87.93358,94.32716,51.80081,85.22923999999999,72.31304,27.48442,39.06076,33.454820000000005,53.11462,64.73461,90.89912,86.92206,93.36855,77.10912,9.692513872152366,Petite couronne,106.55502070288674,1452500855.8637545,Hauts-de-Seine (92),92,4.272978824287964,16.874253446015945,1.4525008558637544
2023,Hauts-de-Seine,3925595.912746387,14076890.004346125,1382844030.0213556,3.5859243582964164,0.8375947,0.5747701000000001,0.8158389,0.7119447,98.2350526,352.2634679568697,0.9624716,23.037650000000003,0.7701217,0.2920526,0.4222392,0.2857083,0.5337080000000001,0.6770265,0.8875044,0.7539668,0.9330069,47580278.49712865,175134811.62252828,False,83.75947000000001,96.24716,57.47701000000001,81.58389,71.19447,29.20526,42.22392,28.57083,53.37080000000001,67.70264999999999,88.75044,75.39668,93.30069,77.01217,8.250468548609456,Petite couronne,-8.129759725628027,1382844030.0213556,Hauts-de-Seine (92),92,3.925595912746387,14.076890004346124,1.3828440300213556
2024,Hauts-de-Seine,4232323.279249832,15978173.443044998,1599562106.5186906,3.775272442297245,0.88349,0.5801796,0.8080533,0.6725771,100.1091966,377.939491144497,0.9671594,21.09887,0.8012308,0.2128007,0.3609966,0.4262026,0.6118713,0.729797,0.9217394,0.8021628000000001,0.9250871,48660960.24694117,180395847.01733667,False,88.349,96.71594,58.01796,80.80533,67.25771,21.28007,36.09966,42.62026,61.18713,72.97970000000001,92.17394,80.21628000000001,92.50871,80.12308,8.697574519228434,Petite couronne,7.813523687129975,1599562106.5186906,Hauts-de-Seine (92),92,4.232323279249832,15.978173443044998,1.5995621065186907
2025,Hauts-de-Seine,4270317.549834749,16131894.829509724,1690366674.6585596,3.777680381201157,0.8792006,0.6533598,0.7885435000000001,0.6987243,104.7841368,395.84097785045816,0.978915,23.13235,0.8115449,0.2643866,0.371999,0.3636144,0.5969626,0.7009171,0.9161385,0.834307,0.9579694,49033379.80237833,175116048.7889526,False,87.92006,97.8915,65.33598,78.85435000000001,69.87243,26.43866,37.1999,36.36144,59.69626,70.09170999999999,91.61385,83.4307,95.79694,81.15449,8.709001025516947,Petite couronne,0.8977166458714159,1690366674.6585596,Hauts-de-Seine (92),92,4.270317549834749,16.131894829509722,1.6903666746585595
2014,Paris,25145341.96906587,101935779.80108516,13873306380.67634,4.053863332878428,0.7343542,0.6834977,0.9420016,0.6546407,136.0984966,551.7247050266194,0.9399605,34.8444,0.616654,0.4439625,0.3123101,0.2437274,0.5785237999999999,0.7255868000000001,0.8580064,0.8631167,0.9508087,45805326.20117184,170763889.39044192,False,73.43542,93.99605,68.34976999999999,94.20016,65.46406999999999,44.39625,31.23101,24.37274,57.85237999999999,72.55868000000001,85.80064,86.31166999999999,95.08087,61.665400000000005,54.8961093708412,Paris,,13873306380.67634,Paris (75),75,25.14534196906587,101.93577980108516,13.87330638067634
2015,Paris,26400703.27098095,103301256.12883316,14068216270.743135,3.912822134642888,0.7378638,0.6729370000000001,0.9391707,0.6621916,136.186304,532.8727847264054,0.9426143,36.10713,0.6421178,0.4330797,0.310786,0.2561342,0.5793987,0.745416,0.8631532,0.8739602,0.9606584,47024971.27799479,173545351.86551732,False,73.78638,94.26143,67.29370000000002,93.91707,66.21916,43.307970000000005,31.0786,25.61342,57.939870000000006,74.5416,86.31532,87.39602,96.06584,64.21177999999999,56.14188069336491,Paris,4.992420876436832,14068216270.743135,Paris (75),75,26.40070327098095,103.30125612883316,14.068216270743136
2016,Paris,24969575.16375009,98385870.00468062,12895663272.550371,3.940230034330484,0.7546863,0.6765624,0.8894753,0.6436632,131.0723102,516.4550533191218,0.9371416,37.05131,0.6854782,0.4327163,0.3118729,0.2554108,0.5729756,0.7603144,0.8782318,0.8607618,0.9633707,45053118.14012324,168323588.77563253,False,75.46863,93.71416,67.65624,88.94753,64.36632,43.27163,31.18729,25.54108,57.29756,76.03143999999999,87.82318000000001,86.07618000000001,96.33707,68.54782,55.42252388855806,Paris,-5.42079539526481,12895663272.550371,Paris (75),75,24.96957516375009,98.38587000468061,12.89566327255037
2017,Paris,27633668.16231305,110527214.32160984,14145044904.394646,3.999730099978093,0.7448356,0.7011687,0.9202528,0.6616318,127.9779373,511.8772079519191,0.9403932,35.357820000000004,0.6488746,0.4722987,0.3056635,0.2220377,0.5624107,0.7601544,0.8834563,0.8757351,0.9652199,48126217.61867475,179606704.53159204,False,74.48356000000001,94.03932,70.11686999999999,92.02528,66.16318,47.22987,30.56635,22.20377,56.24107000000001,76.01544,88.34563,87.57351,96.52199,64.88745999999999,57.41915639676236,Paris,10.669356531266082,14145044904.394646,Paris (75),75,27.63366816231305,110.52721432160983,14.145044904394645
2018,Paris,28612794.397605304,115178661.4543736,15048781336.606188,4.025425124643306,0.728657,0.6974393,0.8576661,0.6782368,130.6559839,525.9458802760512,0.9309249,37.667060000000006,0.6428784999999999,0.4960932,0.3110054,0.1929014,0.5650792,0.738727,0.8838003999999999,0.8632726000000001,0.9649803,50072565.40452994,191943420.85517684,False,72.8657,93.09249,69.74392999999999,85.76661,67.82368,49.60932,31.10054,19.29014,56.50792,73.87270000000001,88.38004,86.32726000000001,96.49803,64.28784999999999,57.14265719450591,Paris,3.543236567585284,15048781336.606188,Paris (75),75,28.612794397605303,115.1786614543736,15.048781336606188
2019,Paris,28991063.147815,120612124.99763632,15497722256.84084,4.160320867940528,0.7314359,0.6876885,0.8514103,0.6806711,128.4922412,534.5689524328077,0.9270895,40.02179,0.6334014,0.5105223,0.3124048,0.1770729,0.5726396,0.7374137000000001,0.8913844,0.8522403000000001,0.9604944,50584879.11865042,196361211.53661975,False,73.14359,92.70895,68.76885,85.14103,68.06711,51.05223,31.24048,17.70729,57.26396,73.74137,89.13844,85.22403,96.04944,63.34014,57.31171775623779,Paris,1.3220265904589468,15497722256.84084,Paris (75),75,28.991063147815,120.61212499763631,15.49772225684084
2020,Paris,7730570.004419053,29208077.60967401,3282899224.237274,3.778256660631454,0.8647666,0.6944725999999999,0.8203689000000001,0.6696966,112.3969632,424.6645748451484,0.9516165,33.23572,0.7373385,0.2284562,0.3800841,0.3914597,0.528709,0.6927842,0.8940805,0.8207062,0.9382388,17411689.632677298,66128161.16805763,True,86.47666000000001,95.16165,69.44725999999999,82.03689,66.96966,22.84562,38.00841,39.145970000000005,52.8709,69.27842,89.40804999999999,82.07062,93.82388,73.73385,44.3987353755189,Paris,-73.33464466272362,3282899224.237274,Paris (75),75,7.730570004419053,29.20807760967401,3.282899224237274
2021,Paris,11511107.303613994,41317130.85651142,5200671940.368783,3.589327226889772,0.8448655,0.7442696999999999,0.8652687,0.7257584,125.8720495,451.7959743747671,0.9642453,40.208960000000005,0.7646006999999999,0.2412158,0.3437586,0.4150256,0.575821,0.6897324,0.9025644,0.8827174,0.9377254,22608370.153213795,82549300.81827837,True,84.48655000000001,96.42453,74.42697,86.52687,72.57584,24.12158,34.37586,41.50256,57.5821,68.97324,90.25644,88.27174,93.77254,76.46006999999999,50.91524610400844,Paris,48.9037328040993,5200671940.368783,Paris (75),75,11.511107303613993,41.31713085651142,5.200671940368783
2022,Paris,24502900.66981967,93241519.58947596,12954742891.35481,3.805325779421779,0.7576923,0.7475382,0.860706,0.7891574,138.9374921,528.7024204163397,0.9353126,42.40489000000001,0.656704,0.3791745,0.3416887,0.2791368,0.5809922,0.7100356,0.8924899,0.8690813,0.9559817,44085351.650253415,171921744.81550583,False,75.76923,93.53126,74.75382,86.0706,78.91574,37.91745,34.16887,27.913680000000003,58.09922,71.00356,89.24898999999999,86.90813,95.59817,65.6704,55.58059480666255,Paris,112.8631071150454,12954742891.35481,Paris (75),75,24.50290066981967,93.24151958947596,12.95474289135481
2023,Paris,28744689.201090284,102068942.32710648,15336104091.074728,3.550880011714826,0.7539958,0.7907903999999999,0.8365442,0.7555181,150.2524053,533.5282626918447,0.9629552,37.79943,0.6735721,0.3818729,0.3431345,0.2749927,0.5616204,0.6898183,0.8901492,0.8020186,0.9271971,47580278.49712865,175134811.62252828,False,75.39958,96.29552,79.07903999999999,83.65442,75.55181,38.18729,34.31345,27.49927,56.162040000000005,68.98183,89.01492,80.20186,92.71971,67.35721,60.41303268711417,Paris,17.31137300203498,15336104091.074728,Paris (75),75,28.744689201090285,102.06894232710647,15.336104091074729
2024,Paris,29769196.827745352,109134679.94736066,16692264260.420671,3.666027020441662,0.7119938,0.7978369999999999,0.8381601000000001,0.7638108,152.9510534,560.7226945694156,0.9691481,40.8899,0.6715762999999999,0.3995872,0.3611657,0.2392471,0.6275511,0.7553229,0.8969926,0.8210614,0.9385842,48660960.24694117,180395847.01733667,False,71.19938,96.91481,79.7837,83.81601,76.38108,39.95872,36.11657,23.92471,62.75511,75.53229,89.69926000000001,82.10614000000001,93.85842,67.15762999999998,61.17675581549308,Paris,3.5641631728486667,16692264260.420671,Paris (75),75,29.76919682774535,109.13467994736067,16.69226426042067
2025,Paris,29277606.717925653,104430508.157539,16761665016.313116,3.5669072668292885,0.6972208,0.8362232,0.8148457,0.7446892,160.5054434,572.5080324291171,0.9735468,33.21105,0.6677164,0.4782063,0.3165189,0.2052748,0.6376116,0.724152,0.8971423000000001,0.8364921000000001,0.9452055,49033379.80237833,175116048.7889526,False,69.72207999999999,97.35468,83.62232,81.48457,74.46892000000001,47.82063,31.65189,20.52748,63.76116,72.4152,89.71423,83.64921000000001,94.52055,66.77164,59.70954242992151,Paris,-1.6513381689946316,16761665016.313116,Paris (75),75,29.277606717925654,104.430508157539,16.761665016313117
2014,Seine-Saint-Denis,2613910.294973482,8296047.145508152,912106218.8120376,3.173807135409869,0.8114433,0.6354643,0.9490663,0.6352387,109.9446764,348.9431984586491,0.9130268,7.928179999999996,0.6609048,0.1878901,0.2399886,0.5721212,0.5106984999999999,0.5979813,0.8400611,0.6952057,0.9208203,45805326.20117184,170763889.39044192,False,81.14433,91.30268,63.54643,94.90663,63.52387,18.78901,23.99886,57.21212,51.06985,59.79813000000001,84.00611,69.52057,92.08203,66.09048,5.706564087096514,Petite couronne,,912106218.8120376,Seine-Saint-Denis (93),93,2.613910294973482,8.296047145508153,0.9121062188120376
2015,Seine-Saint-Denis,2362758.3385759364,8927265.42339042,819703418.0396029,3.7783235287494494,0.8675296,0.5622166000000001,0.928622,0.6073848,91.8202136,346.92647345968027,0.8777824999999999,13.622249999999998,0.7008167000000001,0.198788,0.2279979,0.5732141,0.5283595,0.6446689999999999,0.8369378000000001,0.7551159,0.9154405,47024971.27799479,173545351.86551732,False,86.75296,87.77824999999999,56.22166000000001,92.8622,60.73848,19.8788,22.79979,57.32140999999999,52.83595,64.4669,83.69378,75.51159,91.54405,70.08167,5.024475878163019,Petite couronne,-9.608285214703338,819703418.0396029,Seine-Saint-Denis (93),93,2.3627583385759365,8.92726542339042,0.8197034180396029
2016,Seine-Saint-Denis,2327952.60959439,8414728.426176997,787168807.5654778,3.614647648537457,0.8677746,0.5882345,0.8627043,0.5875224,93.5465493,338.13781445603826,0.9175582,14.895689999999997,0.7491850999999999,0.2314025,0.2519504,0.5166471,0.487324,0.6895256000000001,0.8749889,0.777563,0.9442501,45053118.14012324,168323588.77563253,False,86.77745999999999,91.75582,58.82345,86.27043,58.75224,23.14025,25.19504,51.66471,48.732400000000005,68.95256,87.49888999999999,77.7563,94.42501,74.91851,5.167128726482464,Petite couronne,-1.4730972868991945,787168807.5654778,Seine-Saint-Denis (93),93,2.32795260959439,8.414728426176996,0.7871688075654778
2017,Seine-Saint-Denis,2086935.2860346527,7582950.13713307,614455159.3884201,3.633533913522202,0.8660877,0.553997,0.9022555,0.6399262,81.0311486,294.4294264897571,0.8993159,14.60247,0.7635698,0.2008515,0.2486377,0.5505108,0.4675893,0.704029,0.8764668999999999,0.8240451,0.9681935,48126217.61867475,179606704.53159204,False,86.60877,89.93159,55.3997,90.22555,63.99262,20.08515,24.86377,55.05108,46.75893,70.4029,87.64668999999999,82.40451,96.81935,76.35698,4.3363791905907965,Petite couronne,-10.35318857292934,614455159.3884201,Seine-Saint-Denis (93),93,2.086935286034653,7.5829501371330705,0.6144551593884201
2018,Seine-Saint-Denis,2254838.430773971,9253163.808822848,686314974.9225435,4.103692611646108,0.9086182,0.5164187,0.8461293999999999,0.6020581,74.1708446,304.3743469845716,0.8812581,14.948580000000003,0.7523493,0.1924945,0.3218121,0.4856934,0.4844289,0.7206429,0.8752883,0.8124317000000001,0.9417635,50072565.40452994,191943420.85517684,False,90.86182,88.12581,51.64187,84.61294,60.20581000000001,19.249450000000003,32.18121,48.56934,48.44289,72.06429,87.52883,81.24317,94.17635,75.23493,4.503141415977823,Petite couronne,8.045440884673894,686314974.9225435,Seine-Saint-Denis (93),93,2.254838430773971,9.253163808822848,0.6863149749225436
2019,Seine-Saint-Denis,2479433.456144299,9193457.53339535,713023019.5837224,3.7078863764675702,0.8863255,0.5110351000000001,0.8620361,0.666767,77.5576563,287.5749771855243,0.9263881,16.626310000000004,0.7698028,0.1575274,0.3494971,0.4929755,0.5357759,0.7332014,0.889687,0.8369552,0.9702059,50584879.11865042,196361211.53661975,False,88.63255,92.63881,51.10351000000001,86.20361,66.6767,15.75274,34.94971,49.29755,53.57759,73.32014,88.9687,83.69552,97.02059,76.98028000000001,4.901530851400499,Petite couronne,9.960581756327258,713023019.5837224,Seine-Saint-Denis (93),93,2.479433456144299,9.19345753339535,0.7130230195837224
2020,Seine-Saint-Denis,1117918.470966089,4427210.992748007,301178296.5608815,3.960227071766759,0.8932703,0.460091,0.876252,0.7381093,68.0289006,269.4098938186499,0.9503089,14.49436,0.8565097,0.0696925,0.2370909,0.6932166,0.5477268000000001,0.6258795,0.8673779,0.7799134,0.9115366,17411689.632677298,66128161.16805763,True,89.32703,95.03089,46.0091,87.6252,73.81093,6.969250000000001,23.70909,69.32166,54.77268000000001,62.587950000000006,86.73779,77.99134,91.15366,85.65097,6.420505387759964,Petite couronne,-54.912342245129885,301178296.5608815,Seine-Saint-Denis (93),93,1.117918470966089,4.427210992748007,0.3011782965608815
2021,Seine-Saint-Denis,1152987.164852018,4379146.914406093,301791567.74847287,3.798088172966038,0.9090444,0.5298657999999999,0.8009671,0.7244913,68.915607,261.74755187947545,0.9281355,20.07135,0.8253244,0.1539191,0.3257124,0.5203685,0.4294000999999999,0.5725747999999999,0.8604551,0.8419759,0.9017373,22608370.153213795,82549300.81827837,True,90.90444,92.81355,52.98658,80.09671,72.44913,15.39191,32.57124,52.03685,42.94001,57.25748,86.04551000000001,84.19759,90.17373,82.53244,5.099824343985805,Petite couronne,3.1369634545552305,301791567.74847287,Seine-Saint-Denis (93),93,1.152987164852018,4.379146914406093,0.3017915677484729
2022,Seine-Saint-Denis,2260551.867522071,10192895.392327368,781563170.8934115,4.509029648366539,0.8249275,0.5417027000000001,0.8575739,0.801669,76.6772483,345.73998593986283,0.928848,20.327890000000004,0.6817208,0.3256275,0.3624528,0.3119197,0.478925,0.6154902,0.8731434,0.7734897000000001,0.9391869,44085351.650253415,171921744.81550583,False,82.49275,92.88479999999998,54.17027000000001,85.75739,80.1669,32.56275,36.24528,31.19197,47.892500000000005,61.54902,87.31434,77.34897000000001,93.91869,68.17208000000001,5.127671171721451,Petite couronne,96.0604537876365,781563170.8934115,Seine-Saint-Denis (93),93,2.260551867522071,10.192895392327369,0.7815631708934115
2023,Seine-Saint-Denis,2211022.234942013,8620962.843106734,723146199.2531986,3.899084643684205,0.8438101,0.5841527999999999,0.8433726,0.7958515,83.8823009,327.06419131608783,0.9557044,12.707419999999995,0.7327415,0.3118266,0.3146153,0.3735581,0.4579292,0.5654854,0.8535138,0.7572394,0.9237001,47580278.49712865,175134811.62252828,False,84.38101,95.57044,58.41527999999999,84.33726,79.58515,31.18266,31.46153,37.35581,45.79292,56.54854,85.35138,75.72394,92.37001,73.27415,4.646929998687256,Petite couronne,-2.1910416341984096,723146199.2531986,Seine-Saint-Denis (93),93,2.2110222349420128,8.620962843106733,0.7231461992531987
2024,Seine-Saint-Denis,2807300.3848474347,11168869.912338449,1082305294.0012426,3.978509023338958,0.7446791,0.6895383,0.812804,0.7927709,96.9037425,385.5324139315649,0.9322226,19.1759,0.6942467,0.4498339,0.2387984,0.3113677,0.6103457999999999,0.7156137,0.8356759,0.7712018,0.9234134,48660960.24694117,180395847.01733667,False,74.46791,93.22226,68.95383000000001,81.2804,79.27709,44.98339,23.87984,31.13677,61.03457999999999,71.56137,83.56759,77.12018,92.34134,69.42467,5.76910190551347,Petite couronne,26.968437516462163,1082305294.0012426,Seine-Saint-Denis (93),93,2.8073003848474345,11.16886991233845,1.0823052940012425
2025,Seine-Saint-Denis,2491344.0140153742,8456851.578107877,801749116.1268638,3.3944937072250068,0.8735882,0.6270766,0.8222269999999999,0.7800039,94.804681,321.81389306997414,0.9250059,10.83265,0.733205,0.3693662,0.2761075,0.3545263,0.5323613,0.6453852,0.8883344,0.8102267000000001,0.9299646,49033379.80237833,175116048.7889526,False,87.35882000000001,92.50059,62.70766,82.22269999999999,78.00039,36.93662,27.61075,35.45263,53.23613,64.53852,88.83344,81.02267,92.99645999999998,73.3205,5.08091431603606,Petite couronne,-11.254811652413588,801749116.1268638,Seine-Saint-Denis (93),93,2.4913440140153744,8.456851578107877,0.8017491161268638
2014,Seine-et-Marne,4186536.875779818,12421896.387515018,1492818524.4381669,2.967105451615356,0.7632889,0.7364873999999999,0.9460337,0.8552573,120.1763787,356.5759883961616,0.9319216,32.219559999999994,0.619503,0.2339655,0.1772022,0.5888323,0.8120818000000001,0.8407574,0.8168834,0.8818436000000001,0.939516,45805326.20117184,170763889.39044192,False,76.32889,93.19216,73.64873999999999,94.60337,85.52573,23.39655,17.72022,58.88323,81.20818000000001,84.07574,81.68834000000001,88.18436000000001,93.9516,61.950300000000006,9.13984731250034,Grande couronne,,1492818524.4381669,Seine-et-Marne (77),77,4.186536875779818,12.421896387515018,1.4928185244381669
2015,Seine-et-Marne,4031737.6687831166,12701345.84687985,1518301659.5110488,3.150340347097396,0.7648756,0.7630589999999999,0.9403241,0.8213201,119.538644,376.587413230512,0.9449926,25.45479,0.649344,0.2633014,0.142738,0.5939607,0.7716548000000001,0.8230867,0.8300736,0.857927,0.943295,47024971.27799479,173545351.86551732,False,76.48756,94.49926,76.3059,94.03241,82.13201,26.33014,14.2738,59.39607,77.16548,82.30866999999999,83.00735999999999,85.7927,94.3295,64.9344,8.573610061235183,Grande couronne,-3.697547915850308,1518301659.5110488,Seine-et-Marne (77),77,4.031737668783117,12.70134584687985,1.5183016595110488
2016,Seine-et-Marne,4170158.508760524,13520481.003113538,1362376909.5279105,3.2421983420318874,0.7882962,0.7378821,0.9068236,0.802337,100.763938,326.6966727202039,0.9445952,28.447560000000006,0.676855,0.2621817,0.1202572,0.6175611,0.7524607,0.8588178,0.8382947000000001,0.8513146,0.9602042,45053118.14012324,168323588.77563253,False,78.82962,94.45952,73.78820999999999,90.68236,80.2337,26.21817,12.02572,61.75611,75.24607,85.88177999999999,83.82947,85.13146,96.02042,67.6855,9.256092987372345,Grande couronne,3.4332799241669543,1362376909.5279105,Seine-et-Marne (77),77,4.170158508760524,13.520481003113538,1.3623769095279106
2017,Seine-et-Marne,4465721.304373576,14497328.192440486,1615418173.0050857,3.246357576824665,0.7650498,0.7744683,0.9454067,0.8291804,111.428682,361.73734608628615,0.9557692,28.362289999999994,0.6509168,0.3270202,0.1206164,0.5523634,0.7598243,0.8428367999999999,0.8142834,0.8492881,0.9600842,48126217.61867475,179606704.53159204,False,76.50498,95.57692,77.44683,94.54067,82.91804,32.70202,12.06164,55.23634,75.98243,84.28367999999999,81.42834,84.92881,96.00842,65.09168,9.279186117964755,Grande couronne,7.087567414815155,1615418173.0050857,Seine-et-Marne (77),77,4.465721304373576,14.497328192440486,1.6154181730050856
2018,Seine-et-Marne,4531053.420769808,14558231.0182518,1713627145.651301,3.212990372507772,0.7348471,0.7672731,0.9047381,0.8043201,117.7084732,378.19619115418914,0.9220731,30.60345,0.6309918999999999,0.3446929,0.1257579,0.5295492,0.80376,0.8938455,0.8308738999999999,0.8889803000000001,0.9509904,50072565.40452994,191943420.85517684,False,73.48470999999999,92.20731,76.72731,90.47381,80.43200999999999,34.46929,12.57579,52.95492000000001,80.376,89.38454999999999,83.08739,88.89803,95.09904,63.09918999999999,9.048973992372868,Grande couronne,1.4629689571592277,1713627145.651301,Seine-et-Marne (77),77,4.531053420769808,14.558231018251801,1.7136271456513008
2019,Seine-et-Marne,4780919.600333607,15375797.99258862,1662564059.7374065,3.2160754160173948,0.7462037,0.7578465999999998,0.8977706999999999,0.8360531,108.1286357,347.74984704227086,0.9323449,34.93384,0.6090078,0.3107947,0.1194593,0.569746,0.7919323,0.8596089,0.8411782,0.8694445000000001,0.9373984,50584879.11865042,196361211.53661975,False,74.62037000000001,93.23449,75.78465999999999,89.77707,83.60531,31.07947,11.94593,56.9746,79.19323,85.96089,84.11782,86.94445,93.73984,60.90078,9.451282050352678,Grande couronne,5.514527337471731,1662564059.7374065,Seine-et-Marne (77),77,4.780919600333607,15.375797992588621,1.6625640597374065
2020,Seine-et-Marne,2161087.589925363,7145614.257910105,606964774.9275681,3.306489885565856,0.9069812,0.7023300999999998,0.8947427,0.8781117,84.9422811,280.86079331404176,0.9555337,30.47934,0.795838,0.0612038,0.2088573,0.7299388,0.7972207,0.8205534999999999,0.8742658999999999,0.8991467,0.8816648,17411689.632677298,66128161.16805763,True,90.69812,95.55337,70.23300999999998,89.47427,87.81117,6.12038,20.88573,72.99388,79.72207,82.05534999999999,87.42658999999999,89.91467,88.16648,79.58380000000001,12.41170521366033,Grande couronne,-54.797658806591,606964774.9275681,Seine-et-Marne (77),77,2.161087589925363,7.145614257910105,0.6069647749275681
2021,Seine-et-Marne,2202278.945485424,6988779.9491865765,706144549.5179486,3.1734308514883063,0.8556842,0.7498504,0.8965753999999999,0.8610065,101.0397458,320.64264654825604,0.9651832,16.510759999999998,0.7347812,0.2083174,0.1529642,0.6387184,0.737506,0.8045848,0.834232,0.8810936,0.9276301,22608370.153213795,82549300.81827837,True,85.56842,96.51832,74.98504,89.65754,86.10065,20.83174,15.29642,63.87184,73.7506,80.45848,83.4232,88.10936000000001,92.76301,73.47812,9.740989423655416,Grande couronne,1.906047480541173,706144549.5179486,Seine-et-Marne (77),77,2.202278945485424,6.9887799491865765,0.7061445495179486
2022,Seine-et-Marne,4166268.5564483474,17143037.069088086,1763818947.171732,4.1147220436750125,0.7243132,0.7212985000000001,0.8807369,0.8870116,102.8883587,423.35699758043177,0.9370058,33.78064,0.629962,0.3583741,0.1926264,0.4489995,0.7381148,0.7589231,0.8241158,0.8735724,0.9190903,44085351.650253415,171921744.81550583,False,72.43132,93.70058000000002,72.12985,88.07369,88.70116,35.83741,19.26264,44.89995,73.81147999999999,75.89231,82.41158,87.35724,91.90903,62.9962,9.4504600745867,Grande couronne,89.17987501033953,1763818947.171732,Seine-et-Marne (77),77,4.1662685564483475,17.143037069088088,1.763818947171732
2023,Seine-et-Marne,3842578.458188671,14449636.06232111,1701685075.2777154,3.7604010482930863,0.7091361,0.7626372,0.8863326,0.9034955,117.7666391,442.8497931255936,0.9773913,30.41350000000001,0.6540684,0.4135536,0.1442377,0.4422086,0.7210653,0.780814,0.820072,0.8091963,0.9277591,47580278.49712865,175134811.62252828,False,70.91361,97.73913,76.26372,88.63326,90.34955,41.355360000000005,14.42377,44.22086,72.10653,78.0814,82.0072,80.91963,92.77591,65.40684,8.075989841926967,Grande couronne,-7.769304687732736,1701685075.2777154,Seine-et-Marne (77),77,3.842578458188671,14.44963606232111,1.7016850752777155
2024,Seine-et-Marne,3135411.4250007668,10797374.141792735,1307011296.06116,3.443686546428303,0.8031344,0.7315466,0.858478,0.8953585,121.0489957,416.8547979507475,0.9593688,36.4954,0.7554611,0.3083105,0.1249823,0.5667072,0.7888997,0.8245289,0.8524198000000001,0.8658667,0.9370693,48660960.24694117,180395847.01733667,False,80.31344,95.93688,73.15466,85.84779999999999,89.53585,30.83105,12.49823,56.67072,78.88997,82.45289,85.24198000000001,86.58667,93.70693,75.54611,6.4433817357680665,Grande couronne,-18.40345072670947,1307011296.06116,Seine-et-Marne (77),77,3.135411425000767,10.797374141792735,1.3070112960611602
2025,Seine-et-Marne,3483463.3657591133,12363466.341676535,1541707507.728251,3.5491879900916654,0.7846197,0.7301958000000001,0.8558105,0.8616977,124.6986456,442.5789353442169,0.9787867,29.64789,0.7689931999999999,0.2939444,0.2007515,0.5053041,0.7549121999999999,0.7847008,0.8860024,0.8455543999999999,0.947976,49033379.80237833,175116048.7889526,False,78.46197000000001,97.87867,73.01958,85.58105,86.16977,29.39444,20.07515,50.53041,75.49122,78.47008,88.60024,84.55543999999999,94.7976,76.89931999999999,7.104269336110808,Grande couronne,11.100678462261504,1541707507.728251,Seine-et-Marne (77),77,3.483463365759113,12.363466341676535,1.541707507728251
2014,Val-d'Oise,2464236.7965207137,7486798.685009412,685104691.7757641,3.038181515502129,0.8605647,0.6271192,0.9233589,0.6709629,91.508363,278.01901698045896,0.9061846,19.61625,0.6590926,0.2764664,0.1327619,0.5907718,0.6434339,0.7152102,0.8698020000000001,0.7886826,0.9111478,45805326.20117184,170763889.39044192,False,86.05646999999999,90.61846,62.71192,92.33589,67.09629,27.64664,13.27619,59.07718,64.34339,71.52102000000001,86.98020000000001,78.86826,91.11478,65.90926,5.379804055314579,Grande couronne,,685104691.7757641,Val-d'Oise (95),95,2.464236796520714,7.486798685009411,0.6851046917757642
2015,Val-d'Oise,2660730.129743934,8095359.408890438,854516469.7102412,3.0425330695486683,0.868313,0.6167883,0.9019014,0.6628365,105.556335,321.1586399378576,0.909881,13.99901,0.7047299,0.3226919,0.1094518,0.5678563,0.6210228,0.7181347,0.8867743,0.8220333,0.9225477,47024971.27799479,173545351.86551732,False,86.8313,90.9881,61.67883,90.19014,66.28365000000001,32.269189999999995,10.94518,56.78563,62.10228,71.81347,88.67743,82.20333,92.25477,70.47299,5.6581217541094295,Grande couronne,7.973800793034647,854516469.7102412,Val-d'Oise (95),95,2.6607301297439343,8.095359408890438,0.8545164697102412
2016,Val-d'Oise,2510924.0399470944,7817184.672904487,816312432.3134001,3.1132700744978314,0.8742885,0.6200916,0.8538631,0.618985,104.4253739,325.1043915811169,0.9192745,18.94254,0.7350923,0.3909212,0.1035821,0.5054967,0.6453021,0.7571732999999999,0.8765016,0.8141724,0.9481222,45053118.14012324,168323588.77563253,False,87.42885,91.92745,62.00916,85.38631,61.8985,39.09212,10.35821,50.54967,64.53021,75.71732999999999,87.65016,81.41724,94.81222,73.50923,5.573252515259148,Grande couronne,-5.630262465260127,816312432.3134001,Val-d'Oise (95),95,2.5109240399470942,7.817184672904487,0.8163124323134001
2017,Val-d'Oise,2666627.0672304933,7862713.7265603375,680027555.7783517,2.9485614329739773,0.8829674,0.5987003000000001,0.9032046,0.6922948,86.4876402,255.01412032264977,0.9283534,21.04903,0.7586105,0.3296482,0.1207509,0.549601,0.606281,0.7722867,0.8653169,0.8259831,0.9554302,48126217.61867475,179606704.53159204,False,88.29674,92.83534,59.87003000000001,90.32046,69.22948,32.96482,12.07509,54.9601,60.6281,77.22867,86.53169000000001,82.59831,95.54302,75.86104999999999,5.540903065267576,Grande couronne,6.201024993439441,680027555.7783517,Val-d'Oise (95),95,2.6666270672304933,7.8627137265603375,0.6800275557783516
2018,Val-d'Oise,2587401.9515669267,8422615.861415645,763755718.6819234,3.2552405923304346,0.8992105,0.574924,0.8535047,0.7012161,90.6791585,295.1824776275654,0.8925133000000001,14.495819999999998,0.7480267,0.3193686,0.156513,0.5241185,0.6443743,0.7527348,0.9000362,0.8519721,0.9612015,50072565.40452994,191943420.85517684,False,89.92105000000001,89.25133000000001,57.4924,85.35047,70.12161,31.93686,15.6513,52.41185,64.43742999999999,75.27348,90.00362,85.19721,96.12015,74.80267,5.167304552230614,Grande couronne,-2.970985955897021,763755718.6819234,Val-d'Oise (95),95,2.587401951566927,8.422615861415645,0.7637557186819234
2019,Val-d'Oise,2234064.792576188,8607490.69218014,695738321.9264904,3.8528384318945847,0.9027303,0.5953113,0.7977204,0.681126,80.8294016,311.4226249115216,0.9027162,13.138319999999997,0.7584489,0.3365509,0.1616746,0.5017746,0.5808013,0.7523687,0.8683783,0.7903199999999999,0.9066563,50584879.11865042,196361211.53661975,False,90.27303,90.27162,59.53113,79.77204,68.1126,33.65509,16.16746,50.17746,58.08013,75.23687,86.83783000000001,79.032,90.66563,75.84488999999999,4.416467591700734,Grande couronne,-13.656059847089407,695738321.9264904,Val-d'Oise (95),95,2.2340647925761883,8.60749069218014,0.6957383219264904
2020,Val-d'Oise,1066936.1400226203,3879097.10071685,266538189.8108278,3.635735031559254,0.948447,0.5051190999999999,0.8684061,0.7880566,68.7113993,249.816441502466,0.9446744,9.84463,0.7958882,0.1176982,0.1464817,0.7358201,0.6252458,0.6895009000000001,0.8645959999999999,0.9118229,0.9322612,17411689.632677298,66128161.16805763,True,94.8447,94.46744,50.51190999999999,86.84061,78.80566,11.76982,14.64817,73.58201,62.52457999999999,68.95009,86.4596,91.18229,93.22612,79.58882,6.12770019757447,Grande couronne,-52.24238152948579,266538189.8108278,Val-d'Oise (95),95,1.0669361400226203,3.8790971007168498,0.2665381898108278
2021,Val-d'Oise,1290034.1305373788,4479139.926925421,365190709.8392506,3.472109629424752,0.9130505,0.583224,0.903324,0.8066165,81.5314359,283.08608368921693,0.961119,9.951549999999996,0.8136054,0.2696671,0.1798499,0.550483,0.661451,0.7135912,0.8508567,0.8405967,0.9249557,22608370.153213795,82549300.81827837,True,91.30505,96.1119,58.3224,90.3324,80.66165,26.96671,17.98499,55.0483,66.1451,71.35912,85.08567000000001,84.05967,92.49557,81.36054,5.7060023424731465,Grande couronne,20.910154051959328,365190709.8392506,Val-d'Oise (95),95,1.2900341305373788,4.479139926925421,0.3651907098392506
2022,Val-d'Oise,2149576.7572688805,7160071.886176972,587977270.1742095,3.3309217091061765,0.8949806,0.5998496,0.8807506,0.8155352,82.118906,273.53164672344946,0.952664,26.53573,0.7857958,0.3110595,0.2360074,0.4529331,0.5732352000000001,0.7133737,0.8826948,0.8517073,0.9274221,44085351.650253415,171921744.81550583,False,89.49806,95.2664,59.98496,88.07506000000001,81.55352,31.10595,23.60074,45.29331,57.32352,71.33736999999999,88.26948,85.17072999999999,92.74221,78.57958,4.875943316324945,Grande couronne,66.629448507184,587977270.1742095,Val-d'Oise (95),95,2.1495767572688806,7.160071886176972,0.5879772701742094
2023,Val-d'Oise,2102547.7846047394,8010211.611645713,635884105.2486295,3.809764358412222,0.8886416,0.5981265,0.8883674,0.8301155,79.3841831,302.43503139604985,0.9436387,10.56152,0.7199485999999999,0.3559899,0.1784966,0.4655135,0.5290155999999999,0.6552977,0.893566,0.7538063,0.9158582,47580278.49712865,175134811.62252828,False,88.86416,94.36387,59.81265,88.83674,83.01155,35.59899,17.84966,46.55135,52.90155999999999,65.52977,89.3566,75.38063000000001,91.58582,71.99485999999999,4.418948041112502,Grande couronne,-2.1878247662062145,635884105.2486295,Val-d'Oise (95),95,2.1025477846047393,8.010211611645714,0.6358841052486295
2024,Val-d'Oise,2139666.831980498,7200501.538402748,663399725.5532882,3.365244266434644,0.8928878,0.6027713,0.8652459,0.821589,92.132433,310.048141905924,0.9507213,18.572740000000003,0.7836891,0.2860462,0.1656196,0.5483342,0.6146709,0.722596,0.9034506,0.8166929,0.9237314,48660960.24694117,180395847.01733667,False,89.28878,95.07213,60.27713,86.52459,82.1589,28.60462,16.56196,54.83342,61.46709,72.2596,90.34506,81.66929,92.37314,78.36891,4.397091263966575,Grande couronne,1.765431808377982,663399725.5532882,Val-d'Oise (95),95,2.139666831980498,7.200501538402748,0.6633997255532882
2025,Val-d'Oise,2164136.414089709,6645103.178849519,546447616.9569877,3.0705565211075747,0.8768992,0.5689247000000001,0.889428,0.8274863,82.2331275,252.5014658961956,0.9683434,11.45028,0.7806698999999999,0.2344162,0.2636289,0.5019549,0.6195023,0.6974779,0.9511365,0.8238604,0.9344317,49033379.80237833,175116048.7889526,False,87.68992,96.83434,56.89247,88.9428,82.74863,23.44162,26.36289,50.19549,61.95023,69.74779,95.11365,82.38604000000001,93.44317,78.06698999999999,4.413598293268659,Grande couronne,1.1436164613797262,546447616.9569877,Val-d'Oise (95),95,2.1641364140897092,6.645103178849519,0.5464476169569877
2014,Val-de-Marne,2518110.94705162,9517349.705360824,767870307.0794302,3.779559322636042,0.8895026,0.5333713000000001,0.9320263,0.6259515,80.6811067,304.93902898857823,0.9153052,17.27049,0.6615591000000001,0.1740692,0.2555624,0.5703685,0.5394664,0.6872780000000001,0.8286792000000001,0.8066032000000001,0.9422613,45805326.20117184,170763889.39044192,False,88.95026,91.53052,53.33713000000001,93.20263,62.59515,17.40692,25.556240000000003,57.03685,53.94664,68.7278,82.86792000000001,80.66032000000001,94.22613,66.15591,5.497419527136124,Petite couronne,,767870307.0794302,Val-de-Marne (94),94,2.5181109470516203,9.517349705360823,0.7678703070794303
2015,Val-de-Marne,2619009.761515535,8653583.030619834,783797809.6473997,3.304143099341596,0.9050172,0.5102174,0.9442549,0.6138396,90.5749453,299.2725804862376,0.9126423,17.53784,0.7275473,0.1732296,0.2406518,0.5861186,0.5301967,0.7150961,0.8358388,0.8268697,0.9384592,47024971.27799479,173545351.86551732,False,90.50172,91.26423,51.02174,94.42549,61.38396,17.322960000000002,24.06518,58.61186000000001,53.01967,71.50961,83.58388,82.68697,93.84592,72.75473,5.569402150259459,Petite couronne,4.006924896699027,783797809.6473997,Val-de-Marne (94),94,2.6190097615155348,8.653583030619833,0.7837978096473996
2016,Val-de-Marne,2446581.958984755,8738433.432218246,668682510.5829358,3.571690455791797,0.9113752,0.512713,0.8910952999999999,0.6213111,76.5220123,273.31294098989247,0.913927,13.117300000000004,0.7736531999999999,0.1962873,0.2322193,0.5714934,0.5498678,0.7148796,0.8772305,0.7756495,0.9325708,45053118.14012324,168323588.77563253,False,91.13752,91.3927,51.2713,89.10952999999999,62.13111,19.62873,23.22193,57.14934,54.98678,71.48796,87.72305,77.56495,93.25708,77.36532,5.430438691003469,Petite couronne,-6.583702171121408,668682510.5829358,Val-de-Marne (94),94,2.446581958984755,8.738433432218246,0.6686825105829358
2017,Val-de-Marne,2453470.9048740887,8765222.866516078,745187144.605926,3.5725807259841567,0.8761792,0.5025421,0.8844529000000001,0.5727882,85.0163374,303.727728389006,0.9168748,19.0517,0.7433311,0.1839997,0.2529473,0.563053,0.5410225,0.7066939,0.8697579,0.778354,0.9649491,48126217.61867475,179606704.53159204,False,87.61792,91.68748,50.25421,88.44529000000001,57.27882,18.39997,25.29473,56.3053,54.10225,70.66938999999999,86.97579,77.83539999999999,96.49491,74.33311,5.097992375619503,Petite couronne,0.2815742944574095,745187144.605926,Val-de-Marne (94),94,2.453470904874089,8.765222866516078,0.745187144605926
2018,Val-de-Marne,2645682.059472951,10370523.673463613,655909428.477879,3.919792114223103,0.9298309,0.4634614999999999,0.8252983,0.6094658,63.2474742,247.91695061368915,0.8983429,17.69499,0.8013197,0.2033246,0.2940735,0.5026019,0.5545594,0.6970301,0.8891852,0.7787978,0.9138323,50072565.40452994,191943420.85517684,False,92.98309,89.83429000000001,46.34615,82.52983,60.94658,20.33246,29.40735,50.26019,55.455940000000005,69.70300999999999,88.91852,77.87978,91.38323,80.13197,5.283695848412838,Petite couronne,7.834254492972126,655909428.477879,Val-de-Marne (94),94,2.6456820594729513,10.370523673463612,0.655909428477879
2019,Val-de-Marne,2730275.808694286,9980606.69402403,681320026.7994063,3.655530573959525,0.9064459,0.4924667,0.8587253,0.6873284,68.2643899,249.54256439214384,0.9150605,18.30823,0.7449837,0.2198363,0.3088205,0.4713432,0.5595217,0.7168729,0.8553397,0.8162008000000001,0.9524764,50584879.11865042,196361211.53661975,False,90.64459,91.50605,49.24667,85.87253,68.73284,21.98363,30.88205,47.13432,55.95217,71.68729,85.53397000000001,81.62008,95.24764,74.49837000000001,5.397414911855834,Petite couronne,3.19742687593334,681320026.7994063,Val-de-Marne (94),94,2.730275808694286,9.980606694024031,0.6813200267994063
2020,Val-de-Marne,1085924.0085514332,5394039.440447393,371704099.8507865,4.967234721739659,0.920937,0.5234954,0.8595579,0.7222536,68.9101561,342.29292006042,0.9443645,20.01574,0.8191417,0.1095414,0.2612082,0.6292504,0.5683081,0.7061507,0.8988691999999999,0.8470589,0.9127762,17411689.632677298,66128161.16805763,True,92.0937,94.43645,52.349540000000005,85.95579,72.22536000000001,10.95414,26.12082,62.92504,56.83081,70.61507,89.88691999999999,84.70589,91.27762,81.91417,6.23675261540058,Petite couronne,-60.22658205103607,371704099.8507865,Val-de-Marne (94),94,1.0859240085514332,5.394039440447393,0.3717040998507865
2021,Val-de-Marne,1574955.702371483,6709142.283482181,492032923.1513432,4.259892689921322,0.9216618,0.5357793,0.8780676000000001,0.70363,73.337679,312.4106426678964,0.9343596,20.6908,0.7887261,0.2151543,0.309157,0.4756887,0.4875941,0.6589157,0.8370727,0.8460662000000001,0.9304612,22608370.153213795,82549300.81827837,True,92.16618,93.43596,53.57793,87.80676000000001,70.363,21.51543,30.9157,47.56887,48.75941,65.89157,83.70727,84.60662,93.04612,78.87261,6.966250515619773,Petite couronne,45.03369388364411,492032923.1513432,Val-de-Marne (94),94,1.574955702371483,6.709142283482181,0.4920329231513432
2022,Val-de-Marne,2509716.384036832,9423119.95927228,705050204.1400105,3.754655314524173,0.8730069,0.4978668,0.8823546,0.8164886,74.8213126,280.9282389932645,0.9370042,21.08217,0.7477033,0.3579641,0.2669917,0.3750442,0.4924395,0.6179489,0.8844924999999999,0.8209746,0.9543288,44085351.650253415,171921744.81550583,False,87.30069,93.70042,49.78668,88.23546,81.64886,35.79641,26.69917,37.50442,49.243950000000005,61.79489,88.44924999999999,82.09746,95.43288,74.77033,5.692857808977928,Petite couronne,59.351553841027815,705050204.1400105,Val-de-Marne (94),94,2.509716384036832,9.423119959272281,0.7050502041400105
2023,Val-de-Marne,2623684.2068949165,9946590.951993603,785800046.2467829,3.791077800390169,0.847549,0.5403119999999999,0.8070379999999999,0.7232581,79.0019465,299.5025255637618,0.9494077,15.295579999999998,0.7890342,0.3545255,0.2801271,0.3653475,0.4897713,0.6749153,0.8513242999999999,0.7822714,0.9118017,47580278.49712865,175134811.62252828,False,84.7549,94.94077,54.03119999999999,80.70379999999999,72.32581,35.45255,28.01271,36.53475,48.97713,67.49153,85.13243,78.22713999999999,91.18017,78.90342,5.5142262503849135,Petite couronne,4.541063826294578,785800046.2467829,Val-de-Marne (94),94,2.6236842068949167,9.946590951993603,0.7858000462467829
2024,Val-de-Marne,2438537.476854679,9403314.025544094,705140318.8310417,3.856128566731259,0.8486994,0.5073972,0.868642,0.7801317,74.9884899,289.1652580794285,0.9545724,14.56191,0.7531218,0.3753699,0.2416105,0.3830196,0.5452975,0.6952035000000001,0.9125305,0.7841174,0.9250479,48660960.24694117,180395847.01733667,False,84.86994,95.45724,50.73972,86.8642,78.01317,37.53699,24.16105,38.30196,54.52975,69.52035000000001,91.25305,78.41174,92.50479,75.31218,5.011281044352112,Petite couronne,-7.056745989234548,705140318.8310417,Val-de-Marne (94),94,2.438537476854679,9.403314025544095,0.7051403188310417
2025,Val-de-Marne,2728730.385690778,9496233.335948896,857458707.3798412,3.480092201760316,0.871221,0.6258682,0.8487442,0.7905902,90.2946123,314.2335761262011,0.9667537,12.394460000000004,0.7854420000000001,0.3347309,0.2686713,0.3965979,0.5357231,0.6770941,0.9249584,0.797099,0.9760228,49033379.80237833,175116048.7889526,False,87.1221,96.67537,62.58682,84.87442,79.05902,33.47309,26.86713,39.65979,53.57231,67.70941,92.49584,79.7099,97.60228,78.5442,5.565046498300783,Petite couronne,11.90028496959583,857458707.3798412,Val-de-Marne (94),94,2.728730385690778,9.496233335948896,0.8574587073798412
2014,Yvelines,2701959.6923678126,9711812.412371624,794590673.4025966,3.5943587314808743,0.9095744,0.4351886,0.9553328,0.6996778,81.8169297,294.07939565015187,0.916597,15.714050000000004,0.7350641,0.1702859,0.1589288,0.6707853,0.6505661,0.7337541000000001,0.8545358000000001,0.7723434,0.9301814,45805326.20117184,170763889.39044192,False,90.95744,91.6597,43.51886,95.53328,69.96778,17.028589999999998,15.892880000000002,67.07853,65.05661,73.37541,85.45358,77.23434,93.01814,73.50641,5.898789325287435,Grande couronne,,794590673.4025966,Yvelines (78),78,2.7019596923678124,9.711812412371625,0.7945906734025966
2015,Yvelines,2861659.959388677,10341470.158673896,842653255.9436096,3.6138011872252975,0.91299,0.4895506,0.9195883,0.6481605,81.4829268,294.463097608432,0.914655,18.88902,0.7326043,0.1187661,0.159896,0.7213378,0.6488693000000001,0.7188588,0.8570468,0.7914646000000001,0.9365167,47024971.27799479,173545351.86551732,False,91.299,91.4655,48.95506,91.95883,64.81605,11.87661,15.9896,72.13378,64.88693,71.88588,85.70468,79.14646,93.65167,73.26043,6.0854050127358255,Grande couronne,5.910534767486264,842653255.9436096,Yvelines (78),78,2.861659959388677,10.341470158673896,0.8426532559436096
2016,Yvelines,2636970.5179558294,9419613.252841515,790834694.9200362,3.5721344583494123,0.9242492,0.5027782,0.8667233,0.667687,83.9561746,299.9027442798597,0.9193128,19.49335,0.8046173,0.1504775,0.1643167,0.6852058,0.6544482,0.774141,0.8798639,0.7937368,0.9194567,45053118.14012324,168323588.77563253,False,92.42492,91.93128,50.27782,86.67233,66.76870000000001,15.04775,16.43167,68.52058,65.44482,77.41409999999999,87.98639,79.37368000000001,91.94567,80.46173,5.853025554756012,Grande couronne,-7.851716997181136,790834694.9200362,Yvelines (78),78,2.6369705179558296,9.419613252841515,0.7908346949200362
2017,Yvelines,2934314.343179866,10251546.013070786,811958957.1666411,3.49367682330904,0.9331971,0.5047477,0.9210242,0.6642798,79.2035617,276.71164783481754,0.9354801,24.323590000000006,0.8125950000000001,0.1418443,0.1802651,0.6778906,0.6599170999999999,0.7936163,0.8982025,0.7436997000000001,0.9761412,48126217.61867475,179606704.53159204,False,93.31971,93.54801,50.47477,92.10242,66.42797999999999,14.18443,18.02651,67.78906,65.99171,79.36163,89.82025,74.36997000000001,97.61412,81.2595,6.097122292945881,Grande couronne,11.27596320092865,811958957.1666411,Yvelines (78),78,2.9343143431798664,10.251546013070787,0.8119589571666411
2018,Yvelines,3102593.9268340035,11691330.226473702,886916236.137126,3.768243767048158,0.9400892,0.4856348,0.8790544,0.6911151,75.86102,285.8628157769156,0.9009005,23.24958,0.7765906,0.1524444,0.1914509,0.6561046,0.692208,0.8057108,0.8843713,0.8180076,0.9498125,50072565.40452994,191943420.85517684,False,94.00892,90.09005,48.56348,87.90544,69.11151,15.24444,19.14509,65.61046,69.22080000000001,80.57108,88.43713,81.80076,94.98125,77.65906,6.196195265348478,Grande couronne,5.73488604059289,886916236.137126,Yvelines (78),78,3.1025939268340035,11.691330226473703,0.886916236137126
2019,Yvelines,3137974.325891233,10917149.825357944,822660094.7216005,3.479043705132069,0.9245213,0.447578,0.8698526999999999,0.7477665,75.3548415,262.16278697179985,0.9153517,20.09265,0.8075768000000001,0.1182661,0.1687447,0.7129892,0.7244619,0.8139729,0.8953502,0.8158196,0.9204071,50584879.11865042,196361211.53661975,False,92.45213,91.53517,44.7578,86.98526999999999,74.77665,11.82661,16.87447,71.29892,72.44619,81.39729,89.53502,81.58196,92.04071,80.75768000000001,6.203384055798358,Grande couronne,1.1403490076876688,822660094.7216005,Yvelines (78),78,3.137974325891233,10.917149825357944,0.8226600947216005
2020,Yvelines,1491507.695158074,5260734.279268547,399001721.3247487,3.52712513408186,0.9000118,0.5302006,0.8542267,0.6694149,75.8452528,267.5156974516725,0.9435741,18.010049999999996,0.807968,0.0294141,0.1853649,0.785221,0.7012786,0.7405364,0.8629945,0.8106853,0.9369003,17411689.632677298,66128161.16805763,True,90.00118,94.35741,53.02006,85.42267,66.94149,2.94141,18.53649,78.5221,70.12786,74.05364,86.29945,81.06853000000001,93.69003,80.7968,8.56612842649627,Grande couronne,-52.46909183253236,399001721.3247487,Yvelines (78),78,1.491507695158074,5.260734279268547,0.3990017213247487
2021,Yvelines,1685282.1371852637,6106968.841409343,422721534.3013902,3.623707097263324,0.9421896,0.5199315,0.9088392,0.8109896,69.2195335,250.8313148132064,0.910053,29.10171,0.8483809999999999,0.1194842,0.2736111,0.6069047,0.5871656,0.6777742,0.9034172,0.8503333,0.871236,22608370.153213795,82549300.81827837,True,94.21896,91.0053,51.99315,90.88392,81.09895999999999,11.94842,27.36111,60.69047,58.71656,67.77742,90.34172,85.03332999999999,87.1236,84.8381,7.454239849066252,Grande couronne,12.99184996874274,422721534.3013902,Yvelines (78),78,1.6852821371852638,6.106968841409343,0.42272153430139014
2022,Yvelines,2635776.481577839,10740134.789992137,908917077.5093834,4.074751734472885,0.894567,0.4488378,0.8618992,0.8191132,84.6280885,344.8384504004998,0.9439817,23.58222,0.7588996,0.2314234,0.2807088,0.4878677,0.6911353,0.7136431999999999,0.8916549,0.8508123999999999,0.9587735,44085351.650253415,171921744.81550583,False,89.4567,94.39817,44.88378,86.18992,81.91132,23.14234,28.07088,48.78677,69.11353,71.36431999999999,89.16549,85.08124,95.87735,75.88996,5.978803350574357,Grande couronne,56.39971630982088,908917077.5093834,Yvelines (78),78,2.635776481577839,10.740134789992137,0.9089170775093834
2023,Yvelines,2429566.922793466,10689436.10302092,749360155.9170438,4.399729022788319,0.9224113,0.4527403,0.862174,0.7805416,70.1028706,308.43363435959395,0.9669382,19.55086,0.8091935,0.2092028,0.2786729,0.5121243,0.5281608,0.6464996000000001,0.8900877,0.7738633,0.90399,47580278.49712865,175134811.62252828,False,92.24113,96.69382,45.27403,86.2174,78.05416,20.92028,27.86729,51.21243,52.81608,64.64996000000001,89.00877,77.38633,90.399,80.91935,5.106247797477866,Grande couronne,-7.8234842834977725,749360155.9170438,Yvelines (78),78,2.429566922793466,10.689436103020919,0.7493601559170439
2024,Yvelines,2515047.2950285748,10095434.30095674,934060267.6066188,4.014013701019503,0.9138829,0.5513830999999999,0.8547456,0.7876714,92.5230396,371.38874861437006,0.9691942,21.83277,0.8340425,0.1856737,0.2350335,0.5792928,0.6709924,0.7760612,0.9114081,0.7761281,0.9226005,48660960.24694117,180395847.01733667,False,91.38829,96.91942,55.13830999999999,85.47456,78.76714,18.56737,23.50335,57.929280000000006,67.09924000000001,77.60612,91.14081,77.61281,92.26005,83.40425,5.168511435584898,Grande couronne,3.518337833510876,934060267.6066188,Yvelines (78),78,2.515047295028575,10.09543430095674,0.9340602676066188
2025,Yvelines,2801976.475012057,9400443.043713745,982571023.1794008,3.3549328938149965,0.8851492,0.5863969,0.7871365,0.7337551,104.5239058,350.67068975844006,0.9893652,17.30857,0.859644,0.1420072,0.3306359,0.5273569,0.6694477000000001,0.7111954,0.9073489,0.843309,0.9418233,49033379.80237833,175116048.7889526,False,88.51492,98.93652,58.63969,78.71365,73.37551,14.20072,33.06359,52.735690000000005,66.94477,71.11954,90.73489,84.3309,94.18233,85.9644,5.71442655249343,Grande couronne,11.408500370973051,982571023.1794008,Yvelines (78),78,2.801976475012057,9.400443043713745,0.9825710231794008
