annee,motif,sejours,nuitees,conso_touristique,duree_sejour,repeaters,hebergement_marchand,voyagent_individuel,depense_jour,satisfaction_globale,nps,transport_avion,transport_train,transport_route,intention_revenir,is_covid,repeaters_pct,satisfaction_globale_pct,hebergement_marchand_pct,voyagent_individuel_pct,transport_avion_pct,transport_train_pct,transport_route_pct,intention_revenir_pct
2014,Total,45805326.20117184,170763889.39044192,20672733057.836235,3.728035657697669,0.7869004,0.6398108000000001,0.942543,121.0603315,0.9300768,28.176230000000004,0.3365092,0.2676117,0.3958791,0.6398438000000001,False,78.69004000000001,93.00768000000001,63.98108000000001,94.2543,33.65092,26.76117,39.58791,63.98438000000001
2014,Personnel,30681997.04142178,111176607.71767136,12466384768.334364,3.6235127579074797,0.7296817,0.5873651,0.9602276,112.1313649,0.9462983,33.79647,0.3424462,0.2097412,0.4478126,0.6304997999999999,False,72.96817,94.62983,58.736509999999996,96.02275999999999,34.24462,20.97412,44.78126,63.04997999999999
2014,Professionnel,9445430.612714734,35752092.17495777,5119693528.748701,3.7851204080448135,0.9068764,0.8069628,0.8976825,143.1998302,0.8896567,11.633390000000004,0.337449,0.4058102,0.2567408,0.6332797,False,90.68764,88.96567,80.69628,89.76825000000001,33.7449,40.58102,25.67408,63.32797
2014,Les deux,5677898.547036183,23835189.497812428,3119264937.805518,4.197889289560167,0.8965109,0.6451507000000001,0.9230393,130.868057,0.9051626,24.415340000000004,0.302864,0.3504308,0.3467052,0.7019534999999999,False,89.65109,90.51626,64.51507000000001,92.30393,30.2864,35.043079999999996,34.670519999999996,70.19534999999999
2014,Vacances,17737808.998367637,67067689.59262937,10198461172.82368,3.781058280580281,0.6015415,0.8494785,0.9421011,152.0622111,0.947472,38.50592,0.4873593,0.2099241,0.3027166,0.5308708,False,60.154149999999994,94.74719999999999,84.94785,94.21011,48.735929999999996,20.99241,30.27166,53.08708
2014,Visite famille,11099972.274021905,42090862.760745324,2837234906.913997,3.791979089826532,0.9427993,0.2620379,0.9831817,67.407383,0.9426353000000001,30.474799999999995,0.1561119,0.2331326,0.6107555,0.792088,False,94.27993000000001,94.26353,26.203789999999998,98.31817000000001,15.61119,23.31326,61.07555,79.2088
2014,Visite amis,5186101.319454913,16737052.865661094,1325640204.5761185,3.2272899881216066,0.899913,0.2979629,0.9773747,79.2039205,0.9361227,26.528439999999996,0.1945352,0.3160854,0.4893794,0.7507623999999999,False,89.9913,93.61227,29.79629,97.73747,19.453519999999997,31.60854,48.937940000000005,75.07624
2014,Autres personnels,3969631.7588954656,14830626.389768576,1568033673.2501268,3.736020691726615,0.8231696,0.6732997000000001,0.904439,105.7294299,0.8979792,20.08284,0.2232779,0.2582761,0.5184459,0.6534057,False,82.31696,89.79792,67.32997,90.4439,22.32779,25.82761,51.844590000000004,65.34057
2014,Réunions pro,6772579.82791739,21316615.934920177,3603039961.7540402,3.147488324471351,0.9472765,0.7720526000000001,0.948571,169.0249509,0.899989,18.113710000000005,0.2962968,0.4430988,0.2606044,0.6920334,False,94.72765,89.9989,77.20526000000001,94.8571,29.629680000000004,44.30988,26.06044,69.20334
2014,Séminaires,2442935.8389900494,7189702.282499463,1194205949.239228,2.9430581711355166,0.9250671,0.8222347999999999,0.8325165999999999,166.0994993,0.9080023,12.84115,0.3215848,0.4352483,0.2431669,0.6443063,False,92.50671,90.80023,82.22348,83.25165999999999,32.15848,43.524829999999994,24.316689999999998,64.43063
2014,Salons/foires,1650513.2723891751,5515764.393002646,867966464.8524039,3.3418479483163357,0.8928693,0.7891545,0.9154123,157.3610479,0.8923348999999999,17.63319,0.3119659,0.2954508,0.3925832,0.7153164000000001,False,89.28693,89.23348999999999,78.91544999999999,91.54123,31.19659,29.545080000000002,39.258320000000005,71.53164000000001
2014,Congrès,957947.0728112248,3090374.1877163225,551079741.6601163,3.2260385520540322,0.8563891,0.7895648999999999,0.9082650999999999,178.3213644,0.9172056,26.68679,0.3130358,0.4283041,0.2586601,0.6636913000000001,False,85.63891,91.72055999999999,78.95648999999999,90.82651,31.303579999999997,42.83041,25.86601,66.36913000000001
2015,Total,47024971.27799479,173545351.86551732,20965936592.355286,3.690493521826507,0.7953145,0.6364237,0.9353649,120.8095542,0.9325905,28.29708,0.335692,0.2610599,0.403248,0.6726660999999999,False,79.53145,93.25905,63.64237000000001,93.53649,33.5692,26.105990000000002,40.324799999999996,67.26661
2015,Personnel,31045838.918819983,112612478.3832652,12651628793.663391,3.6272970003396985,0.7318013,0.5856950000000001,0.9511658,112.3465976,0.953895,35.0336,0.3493557,0.2128096,0.4378347,0.6566122000000001,False,73.18013,95.3895,58.569500000000005,95.11658,34.93557,21.28096,43.78347,65.66122000000001
2015,Professionnel,9967567.022172159,36450877.04804104,5340011062.362216,3.656948277042793,0.9268549,0.7977432,0.8948378,146.4988361,0.87138,5.954019999999999,0.3105847,0.3647809,0.3246344,0.6638477,False,92.68549,87.138,79.77432,89.48378,31.05847,36.47809,32.46344,66.38477
2015,Les deux,6011565.337001807,24481996.434211224,3006226136.5068827,4.072482799699772,0.9052171,0.6309258,0.9194679,122.793341,0.9233842,30.63723,0.3067576,0.3382658,0.3549766,0.7705922,False,90.52171,92.33842,63.09258,91.94679000000001,30.67576,33.82658,35.497659999999996,77.05922
2015,Vacances,18720834.50875264,69646017.58432189,10288870001.342386,3.7202410796249468,0.6003524,0.8324912,0.9218455,147.7309164,0.9537888999999999,38.96655,0.4619139,0.1991247,0.3389614,0.5614505,False,60.03524,95.37889,83.24912,92.18455,46.19139,19.91247,33.89614,56.14505
2015,Visite famille,12367151.731916381,49345014.27447388,3224035686.632656,3.990006376903044,0.9587818,0.27468370000000003,0.9827122,65.3366046,0.9451872,30.686960000000003,0.1658427,0.2332195,0.6009378,0.8324315,False,95.87818,94.51872,27.468370000000004,98.27122,16.58427,23.32195,60.093779999999995,83.24315
2015,Visite amis,6399148.122090958,22489921.704446297,1874190309.2685018,3.5145180694922855,0.926801,0.34842069999999997,0.9792299999999999,83.3346747,0.9541184,30.443200000000004,0.1883175,0.2735028,0.5381797,0.8354782,False,92.6801,95.41184,34.84207,97.92299999999999,18.83175,27.350279999999998,53.81797,83.54782
2015,Autres personnels,4132368.432329529,14014166.441296237,1592390451.0159562,3.3913158206457568,0.875428,0.6429153,0.9191481,113.627197,0.9362824999999999,24.166699999999995,0.2178218,0.2587723,0.5234059,0.724903,False,87.5428,93.62825,64.29153,91.91481,21.78218,25.87723,52.34059,72.49029999999999
2015,Réunions pro,7207980.127171289,23111183.839211643,3655816204.144802,3.2063329020693945,0.9485682,0.7763933000000001,0.9408493,158.1838572,0.8959651,16.730419999999995,0.2805733,0.3941738,0.325253,0.7273368,False,94.85682,89.59651,77.63933,94.08493,28.057330000000004,39.41738,32.5253,72.73368
2015,Séminaires,2642801.135525236,8503038.122552782,1243280126.0428467,3.2174339598438495,0.9435865,0.8072778000000002,0.8403269999999999,146.2159887,0.8980419,13.79764,0.2369104,0.3915077,0.3715819,0.7447100999999999,False,94.35865,89.80418999999999,80.72778000000001,84.03269999999999,23.69104,39.15077,37.158190000000005,74.47100999999999
2015,Salons/foires,1810778.6531341777,6503108.863897717,985477627.0165327,3.591332851556341,0.9433795,0.7752387,0.8981346,151.5394633,0.8995521,26.773049999999998,0.270461,0.2476451,0.4818939,0.7711347000000001,False,94.33795,89.95521,77.52386999999999,89.81346,27.0461,24.76451,48.189389999999996,77.11347
2015,Congrès,1338256.6729602485,5328108.900696007,738674345.9790144,3.981380409566822,0.9190036,0.7617106,0.8915068,138.6372463,0.9173195000000001,25.841590000000004,0.2932753,0.3586812,0.3480434,0.7331842,False,91.90036,91.73195000000001,76.17106,89.15068000000001,29.327530000000003,35.86812,34.80434,73.31841999999999
2016,Total,45053118.14012324,168323588.77563253,19442765310.902534,3.7361140743270225,0.8083566,0.6362082,0.8831762,115.5082627,0.9318823,29.58225,0.3433315,0.2588234,0.3978451,0.7130122000000001,False,80.83566,93.18823,63.62082,88.31761999999999,34.33315,25.88234,39.78451,71.30122000000001
2016,Personnel,29177347.8991285,108491643.09188086,11652379617.566885,3.718351766135722,0.7518737,0.5850836,0.9601222,107.4034763,0.9506932,35.163889999999995,0.3594983,0.2072476,0.4332541,0.697547,False,75.18737,95.06932,58.50836,96.01222,35.94983,20.72476,43.32541,69.7547
2016,Professionnel,9506690.866541676,33096566.641491245,4590403383.283741,3.4813971660709995,0.9275484,0.8025861000000001,0.6872886,138.6972683,0.8820220999999999,8.942709999999998,0.3014612,0.3592829,0.3392559,0.7017915,False,92.75484,88.20221,80.25861,68.72886,30.14612,35.928290000000004,33.92559,70.17915
2016,Les deux,6369079.374453661,26735379.04226037,3199982311.9586678,4.197683443779303,0.8892009,0.6220735,0.8301971,119.6909274,0.9173781000000001,34.51861,0.331767,0.3451476,0.3230855,0.8025447,False,88.92009,91.73781000000001,62.20734999999999,83.01971,33.1767,34.51476,32.308550000000004,80.25447
2016,Vacances,17388817.613725483,66487815.48224434,9478376734.733498,3.8235961155727827,0.6264652,0.8336502,0.9269102,142.5581013,0.9483437,40.483239999999995,0.4841223,0.1874327,0.328445,0.6034469,False,62.64652,94.83437,83.36502,92.69102000000001,48.41223,18.743270000000003,32.8445,60.34469
2016,Visite famille,12739216.632552737,51335324.93062974,3342573608.4334583,4.029708137582943,0.9589414,0.2964388,0.9657261,65.1125441,0.9490474,31.060830000000006,0.1920098,0.2391683,0.5688219,0.8670103,False,95.89414000000001,94.90474,29.64388,96.57261,19.20098,23.91683,56.88219,86.70103
2016,Visite amis,6422251.926421053,23576985.70538427,1881642135.475108,3.6711399639103046,0.929877,0.3743795,0.9496454000000001,79.8084267,0.9545085,35.60701,0.2298317,0.2755521,0.4946162,0.8509132,False,92.98769999999999,95.45085,37.43795,94.96454000000001,22.98317,27.555210000000002,49.46162,85.09132000000001
2016,Autres personnels,4160890.7755669034,16568659.463490775,1886071674.9061623,3.981998172310439,0.8380237,0.6616256,0.8774105999999999,113.8336918,0.9143504,22.711370000000002,0.2705755,0.2730512,0.4563733,0.7249669,False,83.80237000000001,91.43504,66.16256,87.74105999999999,27.057550000000003,27.30512,45.63733,72.49669
2016,Réunions pro,7303842.832719568,21948910.82588224,3354336958.99034,3.005118172526396,0.9461011,0.771128,0.7617567999999999,152.8247568,0.8927613999999999,18.69558,0.293773,0.4138732,0.2923538,0.7640640999999999,False,94.61011,89.27614,77.11280000000001,76.17567999999999,29.3773,41.38732,29.23538,76.40641
2016,Séminaires,2677007.0808353177,8058811.495528475,1258844448.3500946,3.010381090592353,0.9433827,0.8167064,0.6059051999999999,156.2072086,0.9111341,22.87807,0.3006665,0.3810727,0.3182608,0.7789275,False,94.33827000000001,91.11340999999999,81.67064,60.59051999999999,30.06665,38.10727,31.82608,77.89275
2016,Salons/foires,1655964.2521885084,5940571.476848389,850868963.3186022,3.5873790566416996,0.9283735,0.7624122,0.7263403,143.2301533,0.8971789000000001,25.09402,0.2954097,0.2634375,0.4411528,0.7874622,False,92.83735,89.71789000000001,76.24122,72.63403000000001,29.54097,26.34375,44.11528,78.74622
2016,Congrès,1319530.1343874794,4247147.58905023,643780594.1915355,3.2186817704028705,0.9266316,0.7632186,0.7575275,151.5795203,0.9304957,36.58491,0.3510121,0.339107,0.3098809,0.7952072,False,92.66316,93.04957,76.32186,75.75275,35.10121,33.9107,30.98809,79.52072
2017,Total,48126217.61867475,179606704.53159204,20592542362.921955,3.7319929431125294,0.7979772,0.6557408,0.9117545,114.6535282,0.9369375,29.621680000000005,0.36597,0.266608,0.367422,0.6886317,False,79.79772,93.69375,65.57408,91.17545,36.597,26.660800000000002,36.742200000000004,68.86317
2017,Personnel,31800331.002092812,118657708.36656079,12683789709.49146,3.731335637945146,0.735343,0.6107619,0.9794945,106.8939379,0.9532115000000001,36.170660000000005,0.3986215,0.1929173,0.4084613,0.6801653000000001,False,73.5343,95.32115000000002,61.07619,97.94945,39.86215,19.29173,40.84613,68.01653
2017,Professionnel,9895328.077378836,34131388.72462213,4735720014.387481,3.4492427595855077,0.9303483,0.8186348999999999,0.7335715,138.749702,0.8922954,10.41088,0.2878683,0.4284766,0.2836551,0.6777202,False,93.03483,89.22954,81.86349,73.35715,28.786830000000002,42.84766,28.36551,67.77202
2017,Les deux,6430558.539203419,26817607.440409828,3173032650.283974,4.17033874692506,0.9040229,0.6275092,0.850399,118.3190058,0.9233205,25.890919999999994,0.3246852,0.3819398,0.293375,0.7483744999999999,False,90.40229,92.33205,62.75092,85.0399,32.46852,38.193979999999996,29.3375,74.83744999999999
2017,Vacances,19618512.705317475,75545223.8336725,10769352548.95406,3.8507110589069495,0.6209038,0.8466684000000001,0.955026,142.5550419,0.9452898999999999,39.28398,0.5301088,0.1652465,0.3046447,0.5804155,False,62.09038,94.52899,84.66684000000001,95.5026,53.01088000000001,16.524649999999998,30.46447,58.04155
2017,Visite famille,12993545.869693054,52400586.6876176,3086890805.1767845,4.032816539312795,0.9482295,0.2907084,0.9776026,58.9094703,0.9502246999999999,29.47193,0.208495,0.2412549,0.5502501,0.8621742,False,94.82294999999999,95.02247,29.070839999999997,97.76026,20.849500000000003,24.12549,55.025009999999995,86.21742
2017,Visite amis,6409617.02674085,23075285.484566845,1823506081.3358207,3.600103623710592,0.9117546,0.35865880000000006,0.959098,79.0242046,0.9674369,32.46183,0.2495353,0.2754719,0.4749928,0.8374026000000001,False,91.17546,96.74369,35.865880000000004,95.9098,24.953529999999997,27.54719,47.49928,83.74026
2017,Autres personnels,4257546.915056794,15720284.55996686,1686134705.8334212,3.692333842375794,0.8559004,0.6670403,0.9186361,107.2585359,0.9420033,28.285309999999996,0.2799572,0.2901014,0.4299414,0.7027066000000001,False,85.59004,94.20033,66.70403,91.86361,27.995720000000002,29.01014,42.994139999999994,70.27066
2017,Réunions pro,8076139.239977459,22523007.516438626,3617506324.6545362,2.788833481838469,0.948069,0.7784644000000001,0.7720123000000001,160.6138222,0.909111,17.15941,0.2674234,0.4869578,0.2456188,0.7078583999999999,False,94.8069,90.9111,77.84644,77.20123000000001,26.74234,48.69578,24.56188,70.78584
2017,Séminaires,2926225.5050558373,9063197.748566864,1368516428.1236825,3.0972314788821866,0.9340699,0.8125588,0.6743238,150.9970836,0.9158008,20.62913,0.2772777,0.4413833,0.281339,0.7341573,False,93.40699000000001,91.58008,81.25588,67.43238000000001,27.727770000000003,44.138329999999996,28.1339,73.41573
2017,Salons/foires,1625015.3947265174,5779969.965354111,856482268.1293381,3.5568708974150076,0.9440861,0.7518043000000001,0.8001446,148.1810932,0.926528,17.94937,0.2981203,0.3092431,0.3926366,0.7792179,False,94.40861000000001,92.6528,75.18043000000002,80.01446,29.81203,30.92431,39.26366,77.92179
2017,Congrès,1261551.6645111598,4405331.188059597,721372323.8882796,3.4919942733907967,0.916362,0.750645,0.7842486999999999,163.7498506,0.9259907,33.371089999999995,0.3373645,0.3894708,0.2731648,0.7610635,False,91.6362,92.59907000000001,75.0645,78.42486999999998,33.73645,38.94708,27.31648,76.10635
2018,Total,50072565.40452994,191943420.85517684,21679881915.96643,3.833305110383104,0.7929389,0.6373581,0.8546312,112.9493359,0.9195488,30.686810000000005,0.3803428,0.2770739,0.3425834,0.6857848,False,79.29389,91.95488,63.73581,85.46312,38.034279999999995,27.707389999999997,34.25834,68.57848
2018,Personnel,33640730.440551326,129215593.09908468,13930126825.37106,3.841046000098891,0.7367924,0.592977,0.9701628,107.8053081,0.9398653,37.17941999999999,0.4115836,0.2038987,0.3845178,0.6739588,False,73.67924000000001,93.98653,59.2977,97.01628,41.15836,20.38987,38.45178,67.39587999999999
2018,Professionnel,10172965.087731808,36857721.23635971,4974416394.459365,3.6231050552614845,0.9228711,0.8009540000000002,0.5359777,134.962668,0.8656571000000001,10.123059999999995,0.3174036,0.4429443,0.2396521,0.6776082,False,92.28711000000001,86.56571000000001,80.09540000000001,53.59777,31.740360000000003,44.29443,23.96521,67.76082
2018,Les deux,6258869.876246013,25870106.5197312,2775338697.0216985,4.133351073156956,0.8835323,0.6099986000000001,0.7540326,107.2797553,0.8963501,28.27225,0.3147262,0.400782,0.2844918,0.7635213999999999,False,88.35323000000001,89.63501000000001,60.999860000000005,75.40326,31.472620000000003,40.0782,28.449180000000002,76.35213999999999
2018,Vacances,20866680.7864057,82794359.45124371,11531065072.782257,3.9677781195168746,0.6263288,0.831479,0.9393581,139.2735586,0.9391304,41.286590000000004,0.5499813,0.1743462,0.2756725,0.5666893,False,62.63288,93.91304000000001,83.14789999999999,93.93581,54.99813,17.434620000000002,27.567249999999998,56.668929999999996
2018,Visite famille,13200945.094723444,54751299.14602945,3157454181.588229,4.147528737765459,0.955417,0.257242,0.9631443,57.6690276,0.9292077,31.092060000000004,0.1894941,0.2492886,0.5612173,0.869241,False,95.54169999999999,92.92076999999999,25.724200000000003,96.31443,18.94941,24.92886,56.12173,86.92410000000001
2018,Visite amis,6276540.307404042,22739512.484188635,1809035471.301789,3.622937377995367,0.9062936,0.34904949999999996,0.9335959,79.5547166,0.9504294,34.81549,0.2261525,0.3349446,0.4389029,0.8417642,False,90.62936,95.04294,34.90494999999999,93.35959,22.61525,33.49446,43.89029,84.17642
2018,Autres personnels,4418511.892058814,18199461.9481789,1918114121.6855059,4.118912066500929,0.8124319,0.6688362,0.8582097,105.3940016,0.9018762,25.624129999999994,0.3128695,0.2986852,0.3884453,0.7170605,False,81.24319,90.18762,66.88362,85.82097,31.28695,29.868519999999997,38.84453,71.70605
2018,Réunions pro,8265905.260985849,23821862.903726622,3691928433.0741787,2.8819424069815023,0.9528839,0.7491321,0.5932754,154.9806767,0.8820249,16.700000000000003,0.2746835,0.5015342,0.2237823,0.7100873,False,95.28839,88.20249,74.91320999999999,59.32754,27.46835,50.153420000000004,22.37823,71.00873
2018,Séminaires,2928394.801185622,8915787.483292101,1372447442.5899515,3.0445988634054255,0.9326435,0.8254982,0.4870948,153.9345173,0.8843816999999999,21.445230000000002,0.2575373,0.4627128,0.2797499,0.7439879,False,93.26435,88.43817,82.54982,48.70948,25.75373,46.27128,27.97499,74.39879
2018,Salons/foires,1845775.2506157917,6410546.2199804075,952871051.3726333,3.4730914383220313,0.9104711,0.7976366,0.6322239000000001,148.6411639,0.8258736,14.168249999999997,0.3116545,0.2938183,0.3945273,0.771513,False,91.04711,82.58736,79.76366,63.222390000000004,31.16545,29.381829999999997,39.45273,77.1513
2018,Congrès,1332992.0148766383,4420320.800514126,714433473.717545,3.316089482293864,0.9162004,0.8007126,0.6754995,161.6248019,0.885068,35.28711,0.2984639,0.3823282,0.3192079,0.75098,False,91.62004,88.5068,80.07126,67.54995000000001,29.84639,38.232820000000004,31.92079,75.098
2019,Total,50584879.11865042,196361211.53661978,21851871511.057648,3.8818163640569474,0.7920851,0.6349755,0.850969,111.2840532,0.9214158000000001,32.57528,0.3843859,0.2807646,0.3348495,0.6771058,False,79.20851,92.14158,63.497550000000004,85.09689999999999,38.43859,28.076459999999997,33.484950000000005,67.71058
2019,Personnel,34827879.42715654,132352191.22502704,13890044731.161114,3.8001794367597164,0.7449342,0.5824443,0.9613546,104.9475993,0.9370905,39.225559999999994,0.3967589,0.2221392,0.3811019,0.6780316000000001,False,74.49342,93.70905,58.24443,96.13546,39.67589,22.21392,38.11019,67.80316
2019,Professionnel,9383559.976160504,32035770.830558296,4350322824.212505,3.4140316587677906,0.9182343,0.8122533000000001,0.5058931,135.7957905,0.8759777999999999,7.942780000000004,0.3218717,0.4464792,0.2316492,0.631836,False,91.82343,87.59777999999999,81.22533000000001,50.58931,32.187169999999995,44.64792,23.16492,63.1836
2019,Les deux,6373439.715333553,31973249.48103577,3611503956.7433786,5.016639508507919,0.8640149,0.6610290000000001,0.7540928,112.9539229,0.9016434,31.610649999999996,0.4088122,0.3571452,0.2340426,0.7386124000000001,False,86.40149000000001,90.16434,66.1029,75.40928,40.88122,35.71452,23.40426,73.86124000000001
2019,Vacances,19807915.74756152,79870269.10476631,11117870766.208288,4.032239945012834,0.6225997,0.8472284,0.9287926,139.1991149,0.9333659000000001,45.081210000000006,0.5550557,0.1693108,0.2756335,0.5626701,False,62.259969999999996,93.33659,84.72284,92.87926,55.505570000000006,16.93108,27.563349999999996,56.26700999999999
2019,Visite famille,14121093.85068679,58343410.296956286,3626430851.953533,4.131649496410557,0.9395546,0.2744167,0.9621589,62.1566486,0.9338777,32.73126,0.2038479,0.2610093,0.5351428,0.8571327999999999,False,93.95546,93.38777,27.441670000000002,96.21589,20.38479,26.100929999999998,53.51428,85.71328
2019,Visite amis,6675354.15149286,25854863.074124817,2243458112.7087264,3.873182229341749,0.9030455,0.3634439,0.9505077000000001,86.7712239,0.9457052,35.978970000000004,0.2711233,0.3350903,0.3937864,0.8267561,False,90.30454999999999,94.57052,36.34439,95.05077,27.11233,33.50903,39.37864,82.67561
2019,Autres personnels,5042070.859059174,21801899.8222387,2349323783.939721,4.323997109851572,0.8049258,0.6413753000000001,0.84168,107.7577552,0.9012835,25.448710000000002,0.3476159,0.3192739,0.3331101,0.6897677,False,80.49258,90.12835,64.13753000000001,84.16799999999999,34.76159,31.92739,33.31101,68.97677
2019,Réunions pro,7231142.368782438,21231176.891842995,3378010435.192039,2.9360750776391984,0.9490345,0.7809459,0.6014541999999999,159.1061321,0.8787396,17.596750000000007,0.3013569,0.4930967,0.2055464,0.7201574,False,94.90345,87.87396,78.09459,60.145419999999994,30.135689999999997,49.30967,20.55464,72.01574
2019,Séminaires,2814247.5913794856,9665307.211427629,1372750415.2245212,3.434419644182727,0.9232426,0.8330678000000001,0.490782,142.0286376,0.9007684,20.68072999999999,0.3234058,0.4444811,0.2321131,0.7017665000000001,False,92.32426000000001,90.07684,83.30678000000002,49.0782,32.34058,44.44811,23.211309999999997,70.17665000000001
2019,Salons/foires,1666319.8253215577,6044483.479696626,962244118.2756594,3.627444976554962,0.8859405,0.800232,0.6623283999999999,159.1937709,0.8887395,17.50272,0.4341034,0.2656217,0.300275,0.7360570000000001,False,88.59405,88.87395000000001,80.0232,66.23284,43.41034,26.562170000000002,30.0275,73.60570000000001
2019,Congrès,1279102.0042435688,4519023.139693562,661156160.373124,3.5329654122198075,0.8745974,0.7981865,0.6464362,146.3051062,0.9265346000000001,37.14394,0.4422982,0.3568703,0.2008315,0.7168161,False,87.45974,92.65346000000001,79.81865,64.64362,44.22982,35.68703,20.08315,71.68160999999999
2020,Total,17411689.632677298,66128161.16805763,6013705418.259809,3.797917523406341,0.8941622,0.6104984,0.8448627,90.9401579,0.9476218999999999,24.9618,0.137749,0.291365,0.5708861,0.7776619,True,89.41622,94.76218999999999,61.04984,84.48626999999999,13.7749,29.136499999999998,57.088609999999996,77.76619
2020,Personnel,12441440.705284515,47278074.604246736,3787663917.494199,3.8000482198307886,0.8686704,0.5448111,0.9553389999999999,80.1145975,0.9557912,29.030490000000004,0.1346379,0.2374588,0.6279033,0.7959423,True,86.86703999999999,95.57911999999999,54.48111,95.53389999999999,13.463790000000001,23.74588,62.790330000000004,79.59423
2020,Professionnel,2715545.588315661,10040024.370165952,1261179512.63889,3.6972402206634865,0.9558512,0.8766525000000001,0.4024146,125.6151844,0.9299157,7.951119999999998,0.1542415,0.4941433,0.3516152,0.6432419,True,95.58512,92.99157,87.66525,40.241460000000004,15.424150000000001,49.41433,35.16152,64.32419
2020,Les deux,2254703.3390770997,8810062.193644905,964861984.1828474,3.9074152421537907,0.9605276,0.6524062999999999,0.7630754,109.5181808,0.9235023,22.807450000000003,0.1350525,0.3445943,0.5203532,0.8364722,True,96.05276,92.35023,65.24062999999998,76.30753999999999,13.505249999999998,34.459430000000005,52.03532,83.64722
2020,Vacances,6143199.331958772,22317003.492358327,2575426078.247017,3.6327982027635923,0.7890886,0.815836,0.9366715,115.401966,0.9583035,35.5881,0.1882356,0.2334785,0.5782859,0.7297663000000001,True,78.90886,95.83035,81.5836,93.66714999999999,18.82356,23.34785,57.828590000000005,72.97663000000001
2020,Visite famille,6104513.004065107,27278108.25070358,1466915299.0003898,4.468515053131772,0.965762,0.3314079,0.9511016999999999,53.7762841,0.9540443999999999,23.057649999999995,0.0727305,0.2485653,0.6787042,0.8827683,True,96.5762,95.40444,33.140789999999996,95.11017,7.2730500000000005,24.85653,67.87042,88.27682999999999
2020,Visite amis,3032433.7621018644,10723506.538851364,830132745.4044517,3.536270659187821,0.9419964,0.3983671,0.907658,77.4124343,0.9504103,26.859430000000007,0.0978018,0.2522847,0.6499135,0.8567482,True,94.19964,95.04103,39.83671,90.7658,9.78018,25.228469999999998,64.99135,85.67482
2020,Autres personnels,1129895.6204698193,3569067.249440877,413438222.5618051,3.1587583709341502,0.9329661,0.7082763999999999,0.8123751,115.8392918,0.9194491,23.90254,0.1918787,0.3079853,0.500136,0.7701594,True,93.29661,91.94491000000001,70.82763999999999,81.23751,19.18787,30.798530000000003,50.013600000000004,77.01594
2020,Réunions pro,2549232.146177443,7611554.459627334,1088564698.9687457,2.9858224057941563,0.9876934,0.8283279,0.5360228,143.0147685,0.9229281,12.850050000000001,0.1062013,0.5076405,0.3861581,0.7062876,True,98.76934,92.29281,82.83279,53.60228,10.62013,50.764050000000005,38.61581,70.62876
2020,Séminaires,1177797.1640097606,4065726.302843471,556781165.825433,3.4519749470289756,0.985009,0.8122928000000001,0.5272125,136.9450682,0.9172428,19.883090000000003,0.1170904,0.3662441,0.5166655,0.7905089,True,98.5009,91.72428000000001,81.22928000000002,52.72125,11.70904,36.624410000000005,51.66655,79.05089
2020,Salons/foires,587365.5012826633,2129258.7027599216,283665389.39719045,3.6251000409628054,0.9253923,0.7911204,0.6289408000000001,133.2226042,0.9230244999999999,29.40447,0.1600391,0.318912,0.5210489,0.817977,True,92.53922999999999,92.30245,79.11204,62.89408000000001,16.003909999999998,31.891199999999998,52.104890000000005,81.79769999999999
2020,Congrès,356271.7115163896,1466639.8354745132,177693212.48851833,4.116632862126757,0.9910684,0.7913720999999999,0.6054645000000001,121.1566795,0.9348331,26.11906,0.1311473,0.3102235,0.5586292,0.8096698,True,99.10683999999999,93.48331,79.13721,60.54645000000001,13.11473,31.02235,55.86292,80.96698
2021,Total,22608370.153213542,82549300.8182791,8371947257.102826,3.6512716422658884,0.8799915,0.6589913,0.8739507,101.4175429,0.9384408,29.48176,0.2165667,0.3091465,0.4742868,0.7833464,True,87.99915,93.84407999999999,65.89913,87.39507,21.65667,30.914649999999998,47.42868,78.33464
2021,Personnel,16939814.984839953,61441232.31746583,5756890811.260732,3.62703089570056,0.8607885,0.6127211,0.9713585,93.6975154,0.9478875,32.83639,0.2135811,0.2644288,0.5219901,0.7982584,True,86.07884999999999,94.78875,61.272110000000005,97.13585,21.35811,26.442880000000002,52.19901,79.82584
2021,Professionnel,3642535.321857063,11486635.781882837,1623651449.4568458,3.153472723505846,0.9513383,0.8845399,0.4660225,141.3513478,0.9044314,13.601600000000003,0.1928672,0.4544324,0.3527004,0.7152021000000001,True,95.13383,90.44314,88.45399,46.60225,19.28672,45.44324,35.27004,71.52021
2021,Les deux,2026019.8465166653,9621432.718930045,991404996.7982559,4.748933104220163,0.9122774,0.640353,0.786901,103.0413064,0.9187012000000001,29.718220000000002,0.2841389,0.4218305,0.2940307,0.7804411,True,91.22774,91.87012000000001,64.03529999999999,78.6901,28.413890000000002,42.18305,29.40307,78.04411
2021,Vacances,8664111.312893681,30093824.94435652,3973677985.1909466,3.473388540100097,0.7918186,0.828546,0.9544469999999999,132.0429687,0.955003,39.271350000000005,0.272166,0.2008187,0.5270153,0.7403386000000001,True,79.18186,95.50030000000001,82.8546,95.4447,27.216600000000003,20.08187,52.70153,74.03386
2021,Visite famille,8043453.459814824,34788635.55918343,2191492636.6345735,4.325086945922894,0.9524521,0.3958902,0.9671247999999999,62.9944981,0.9477746,30.63148,0.1528991,0.3246936,0.5224073,0.8789551,True,95.24521,94.77746,39.589020000000005,96.71247999999999,15.28991,32.46936,52.24073,87.89551
2021,Visite amis,3547875.908185319,12388262.14083352,1137626330.9356916,3.491740540375865,0.9241776,0.4961651,0.9353386,91.8309863,0.9377209,30.696920000000006,0.1672104,0.279726,0.5530636,0.8394756,True,92.41776,93.77208999999999,49.616510000000005,93.53386,16.721040000000002,27.972599999999996,55.30636,83.94756
2021,Autres personnels,1771370.0820841875,6558399.028254894,652040580.9505075,3.7024442800446904,0.8896963,0.6953446999999999,0.90481,99.4206937,0.9022696,19.463960000000004,0.2282532,0.3587069,0.4130399,0.7222392,True,88.96963,90.22696,69.53447,90.481,22.825319999999998,35.870689999999996,41.30399,72.22391999999999
2021,Réunions pro,2795035.8711206526,8866710.412086314,1347775363.471677,3.172306482253217,0.9627963,0.8281835000000001,0.5943532,152.0039903,0.9019876,19.00379,0.1983085,0.4589685,0.342723,0.759863,True,96.27963000000001,90.19876,82.81835000000001,59.435320000000004,19.830849999999998,45.89685,34.2723,75.9863
2021,Séminaires,1094120.18472697,3205343.1262730933,539675000.1181253,2.9296078904466643,0.9584103,0.9196574000000001,0.3275471,168.3673101,0.9116267,17.42177,0.2138976,0.4703832,0.3157192,0.7336843,True,95.84103,91.16267,91.96574000000001,32.754709999999996,21.38976,47.03832,31.57192,73.36842999999999
2021,Salons/foires,387138.9308543828,1703274.5914449494,249974410.23097402,4.399646885643784,0.9720894,0.8360601000000001,0.6178520000000001,146.7610751,0.8594811,33.4831,0.2870925,0.3108732,0.4020343,0.8261949,True,97.20894,85.94811,83.60601000000001,61.7852,28.709249999999997,31.087320000000002,40.203430000000004,82.61949
2021,Congrès,344520.175703972,1115636.2968798697,210102032.68627542,3.2382321139835857,0.963321,0.8415997000000001,0.5776283,188.324845,0.8511297,15.153699999999997,0.2693486,0.5341666,0.1964848,0.7841267,True,96.3321,85.11297,84.15997,57.76283,26.93486,53.41666000000001,19.64848,78.41266999999999
2022,Total,44085351.650253415,171921744.81550583,19579839473.15668,3.899747611846884,0.7973309,0.6605255,0.864242,113.8880919,0.9381628000000001,35.04174999999999,0.346053,0.3182905,0.3356565,0.6878067,False,79.73308999999999,93.81628,66.05255,86.4242,34.6053,31.82905,33.565650000000005,68.78067
2022,Personnel,35171892.13717074,131603820.2896915,14587173571.973125,3.7417327386435524,0.7741426,0.6280471,0.9485132,110.8415663,0.9468068000000001,38.02263,0.3545472,0.3049823,0.3404705,0.6875,False,77.41426,94.68068000000001,62.80471,94.85132,35.45472,30.49823,34.04705,68.75
2022,Professionnel,5645386.493097499,19969792.780027784,2807882782.3527956,3.537365033278846,0.9132058,0.8628049,0.4064009,140.6065057,0.899189,16.262700000000002,0.3004014,0.3812908,0.3183079,0.7006428,False,91.32057999999999,89.91890000000001,86.28049,40.64009,30.040139999999997,38.12908,31.830789999999997,70.06428
2022,Les deux,3268073.0199858528,20348131.745785628,2184783121.677901,6.226339381448005,0.846723,0.6606419000000001,0.7311467,107.3702072,0.9099576,34.397149999999996,0.3334963,0.3526877,0.3138161,0.6689130000000001,False,84.6723,90.99576,66.06419000000001,73.11467,33.349630000000005,35.268769999999996,31.38161,66.89130000000002
2022,Vacances,20441138.646623068,77046903.84456727,11057079627.596033,3.7692080258599305,0.6699394,0.8415278000000002,0.9309293,143.5110183,0.9420154000000001,43.06719999999999,0.4606657,0.2142966,0.3250377,0.602768,False,66.99394,94.20154000000001,84.15278000000002,93.09293,46.06657,21.429660000000002,32.503769999999996,60.276799999999994
2022,Visite famille,11992503.498144796,53432578.81188259,3449975914.113105,4.455498288589071,0.9449131,0.3322103999999999,0.9638903999999999,64.5668989,0.9549257,33.09487,0.1887245,0.3525226,0.4587529,0.803273,False,94.49131,95.49257,33.22103999999999,96.38904,18.87245,35.25226,45.87529,80.32730000000001
2022,Visite amis,6654143.076820598,25648139.98642998,2251449476.8058977,3.854461752674675,0.8963509,0.412958,0.9266937000000001,87.7821736,0.9583271,33.85839000000001,0.2223542,0.3560862,0.4215597,0.8100407,False,89.63508999999999,95.83270999999999,41.2958,92.66937,22.23542,35.60862,42.155969999999996,81.00407
2022,Autres personnels,3868060.5385603183,19427544.689267036,1980813642.88339,5.022554454770224,0.8067765,0.7006841,0.8337712,101.9590316,0.9324304999999999,31.23789,0.3136132,0.392855,0.2935318,0.6858839,False,80.67765,93.24305,70.06841,83.37712,31.36132,39.2855,29.353180000000002,68.58839
2022,Réunions pro,4055530.6631901176,15870739.27777575,2205460563.9122777,3.913356992175145,0.9400702,0.7808029999999999,0.549531,138.9639465,0.9073217,24.508999999999997,0.216206,0.3999537,0.3838403,0.7196610999999999,False,94.00702,90.73217,78.0803,54.9531,21.6206,39.99537,38.38403,71.96611
2022,Séminaires,1692264.8526096046,5968187.514722304,899800907.1239008,3.526745536030541,0.9215663,0.8879076000000001,0.37957650000000004,150.7661924,0.9473808,18.227079999999997,0.2860439,0.2485915,0.4653646,0.7347155999999999,False,92.15662999999999,94.73808,88.79076,37.95765,28.604390000000002,24.85915,46.536460000000005,73.47156
2022,Salons/foires,738440.0581168205,3138643.103281483,493574570.84436953,4.250369503634041,0.8826493,0.8920425000000001,0.5289225,157.2573098,0.9135945000000001,34.45467000000001,0.3740531,0.2346579,0.391289,0.7195285,False,88.26492999999999,91.35945000000001,89.20425,52.89225,37.40531,23.465790000000002,39.1289,71.95285
2022,Congrès,690646.5062739515,3162185.219327431,420539249.166028,4.578587150737168,0.8743776,0.8547596,0.5317069,132.9900749,0.915484,32.70212,0.3668248,0.2650342,0.368141,0.6656717,False,87.43776,91.5484,85.47596,53.17069,36.68248,26.50342,36.814099999999996,66.56717
2023,Total,47459134.45066472,174860198.61851698,21736296734.627224,3.68443716141283,0.7860483,0.7045244999999999,0.8420363999999999,124.3067142,0.9638516,30.165279999999996,0.358991,0.3121457,0.3288633,0.7014226,False,78.60483,96.38516,70.45244999999998,84.20364,35.8991,31.214570000000002,32.88633,70.14226000000001
2023,Personnel,36670946.204113305,132380117.63427584,16030699005.158962,3.609945511016758,0.7545824,0.6737291,0.9416542,121.0959719,0.9681555,33.84868,0.3795541,0.2792068,0.3412391,0.6953661999999999,False,75.45824,96.81555,67.37290999999999,94.16542,37.95541,27.920679999999997,34.12391,69.53662
2023,Professionnel,6029157.271113374,18598460.99336706,2829153761.4622903,3.0847530022935654,0.9244016,0.8880436,0.34472369999999997,152.1176275,0.9460809,8.431549999999996,0.2397762,0.4839769,0.2762468,0.7076922,False,92.44016,94.60809,88.80436,34.47237,23.977619999999998,48.39769,27.62468,70.76922
2023,Les deux,4759030.975438288,23881619.990874756,2876443975.08258,5.018168638558893,0.8532319,0.7093219999999999,0.6995338,120.4459319,0.9524157,28.964639999999996,0.351573,0.3482665,0.3001604,0.7416237,False,85.32319000000001,95.24157,70.9322,69.95338,35.1573,34.82665,30.01604,74.16237
2023,Vacances,23739222.789648708,87825340.68597077,13085461237.451237,3.6995878704279352,0.6653834,0.8522955999999999,0.9240226,148.9941415,0.9654562,39.79993,0.4736011,0.2079365,0.3184624,0.623669,False,66.53833999999999,96.54562,85.22955999999999,92.40226,47.36011,20.79365,31.846239999999998,62.3669
2023,Visite famille,12536189.032236062,54867125.87885752,3740271269.795123,4.376698990240972,0.9320096,0.36341129999999994,0.9357618,68.1696227,0.9690177,25.974759999999996,0.1959362,0.3227126,0.4813512,0.8379568,False,93.20096,96.90177,36.34112999999999,93.57618,19.59362,32.27126,48.13512,83.79567999999999
2023,Visite amis,6174056.817457055,23678694.077898763,2256549210.8487687,3.8351921237504008,0.9005708,0.4443527,0.9237823,95.2987189,0.971446,26.903560000000006,0.2289572,0.350947,0.4200958,0.8033988,False,90.05708,97.1446,44.435269999999996,92.37822999999999,22.89572,35.0947,42.00958,80.33988
2023,Autres personnels,4401167.233532704,18374452.43070869,2166264628.1383433,4.174904395977698,0.8378999,0.7500518,0.8051168999999999,117.8954658,0.953905,18.567239999999995,0.3398902,0.3996751,0.2604347,0.7157753,False,83.78999,95.3905,75.00518000000001,80.51168999999999,33.98902,39.96751,26.043470000000003,71.57753
2023,Réunions pro,4625831.384774816,16735580.081467338,2427631192.961122,3.6178534601476877,0.9282866,0.7938999,0.5342476,145.0580847,0.9491979,18.26101,0.2283945,0.4458923,0.3257132,0.7497093,False,92.82866,94.91979,79.38999,53.424760000000006,22.83945,44.58923,32.57132,74.97093
2023,Séminaires,2529524.6783061223,8044434.257243929,1212168858.1457534,3.1802157639477255,0.9400505,0.8639165,0.3408202,150.6841649,0.9659295,19.428559999999997,0.2175961,0.401274,0.3811299,0.7191367,False,94.00505,96.59295,86.39165,34.08202,21.75961,40.1274,38.11299,71.91367
2023,Salons/foires,1274248.9680680342,4737574.33816077,830440168.8875142,3.717934608449158,0.9240844,0.8256985,0.5798961,175.2880503,0.9367041,30.72474,0.2886501,0.273504,0.4378459,0.7017521,False,92.40844,93.67041,82.56985,57.98961,28.86501,27.350400000000004,43.78459,70.17520999999999
2023,Congrès,917302.452841779,3543097.0110974004,489027852.68180203,3.8625177553172114,0.9049461,0.8698653000000001,0.5497703,138.0227104,0.9510094,30.341849999999997,0.2735931,0.3348969,0.3915099,0.735196,False,90.49461,95.10094,86.98653,54.977030000000006,27.359309999999997,33.48969,39.15099,73.5196
2024,Total,48621049.3930257,180589581.68038017,23399563465.704338,3.714226326556504,0.7686435,0.7212407000000001,0.8386357,129.5731639,0.9632916,32.52252,0.3579656,0.3146287,0.3274057,0.7133967,False,76.86435,96.32916,72.12407,83.86357,35.79656,31.46287,32.740570000000005,71.33967
2024,Personnel,37442011.58979748,136123647.81726244,17407162105.536846,3.635585857634705,0.7330602,0.6919390000000001,0.9392845000000001,127.8775759,0.9686092,38.23761,0.3882457,0.2683228,0.3434315,0.7119004,False,73.30602,96.86092,69.19390000000001,93.92845000000001,38.82457,26.832279999999997,34.34315,71.19004
2024,Professionnel,7113662.709942992,21201306.083300658,3298964827.764379,2.980364257876174,0.9194502,0.8850716000000002,0.3885211,155.6019622,0.9486502,5.907070000000003,0.1984012,0.5365815,0.2650173,0.7108117,False,91.94502,94.86502,88.50716000000001,38.85211,19.84012,53.658150000000006,26.501730000000002,71.08117
2024,Les deux,4065375.093284716,23264627.779816527,2693436529.5917683,5.722627616390329,0.8324809,0.704435,0.684358,115.7738931,0.9392189,26.226110000000002,0.3582948,0.3527281,0.2889771,0.7320451,False,83.24808999999999,93.92188999999999,70.4435,68.4358,35.829480000000004,35.27281,28.89771,73.20451
2024,Vacances,24235989.362557273,92172014.12572755,14474233915.764282,3.803105074312591,0.641515,0.8605257000000001,0.9137223999999999,157.0350182,0.9641128999999999,43.69533,0.4807279,0.2284895,0.2907826,0.6287045,False,64.1515,96.41129,86.05257,91.37223999999999,48.07279,22.848950000000002,29.07826,62.87045
2024,Visite famille,12019126.891622059,52125427.38731342,3656260791.649199,4.336873040557338,0.9228112,0.38530200000000003,0.9457415,70.1435168,0.9674724,26.950770000000002,0.1994573,0.2986432,0.5018995,0.8695675,False,92.28112,96.74724,38.5302,94.57415,19.94573,29.86432,50.18995,86.95675
2024,Visite amis,6599599.5594330635,27923664.6164326,2585668344.9019175,4.23111498886629,0.883558,0.49064320000000006,0.9285052,92.5977439,0.9725576,36.985330000000005,0.233411,0.3294315,0.4371575,0.8610233,False,88.3558,97.25576000000001,49.06432000000001,92.85052,23.3411,32.943149999999996,43.71575,86.10233000000001
2024,Autres personnels,4346813.805361268,18050293.23756149,1981360068.0321302,4.152534257459715,0.7986776,0.7071098,0.8334929999999999,109.7688576,0.9616122,26.04267,0.355697,0.3374403,0.3068627,0.7199338000000001,False,79.86776,96.16122,70.71098,83.3493,35.5697,33.74403,30.68627,71.99338
2024,Réunions pro,4891315.497876784,15891268.382714083,2565637776.5322585,3.2488741299988,0.930139,0.8352401,0.5412984000000001,161.4495278,0.953992,14.106870000000004,0.2051148,0.4643973,0.3304878,0.7535493,False,93.0139,95.3992,83.52401,54.12984000000001,20.511480000000002,46.439730000000004,33.04878,75.35493
2024,Séminaires,2678464.8272143444,9281089.204339242,1433309916.5086489,3.4650778722346542,0.9274104,0.8989559,0.3265296,154.4333736,0.9621716,13.385639999999999,0.1790424,0.4656031,0.3553545,0.7510683,False,92.74104,96.21716,89.89559,32.65296,17.904239999999998,46.56031,35.535450000000004,75.10683
2024,Salons/foires,1213511.5978852522,5186948.399043142,859507438.1717217,4.274329481549472,0.8966232,0.8933394,0.5827458,165.7058008,0.9545785,28.459189999999996,0.2519481,0.3105688,0.4374831,0.7427733999999999,False,89.66232,95.45785,89.33394,58.27458,25.19481,31.05688,43.748310000000004,74.27734
2024,Congrès,1034123.546133073,3620301.937799023,627066374.9054409,3.5008408340923274,0.8803575,0.9109655,0.5269817,173.2083085,0.9747598,36.793479999999995,0.2452318,0.3717275,0.3830406,0.7245635,False,88.03575000000001,97.47597999999999,91.09655,52.69817,24.52318,37.17275,38.30406,72.45635
2025,Total,49033379.80237833,175116048.7889526,23595525696.79993,3.5713640278261773,0.7658521,0.7470823999999999,0.8200265,134.742223,0.9720297,26.487269999999995,0.3920491,0.3043097,0.3036412,0.7203240000000001,False,76.58521,97.20297,74.70823999999999,82.00265,39.20491,30.430970000000002,30.36412,72.03240000000001
2025,Personnel,37186247.02811919,132850958.79855007,17202975288.2394,3.5725831299429576,0.7382683,0.7030826,0.9341432000000001,129.4907876,0.9750344000000001,31.74274,0.4187565,0.2464277,0.3348158,0.7099897,False,73.82683,97.50344000000001,70.30826,93.41432,41.87565,24.64277,33.48158,70.99897
2025,Professionnel,8021539.621055799,24754244.3870677,3882753809.9837003,3.085971715715285,0.8913114,0.9313870999999999,0.3522176,156.8520432,0.9590977999999999,1.46926,0.2327377,0.5796617,0.1876006,0.7654617,False,89.13114,95.90977999999998,93.13870999999999,35.22176,23.27377,57.96616999999999,18.76006,76.54617
2025,Les deux,3825593.1532037994,17510845.60333515,2509796599.1982226,4.5772890378242215,0.7709127,0.7883250999999999,0.6941227,143.3281211,0.9701362,27.860090000000003,0.4664885,0.2895838,0.2439277,0.7252614000000001,False,77.09127,97.01362,78.83250999999998,69.41226999999999,46.648849999999996,28.958380000000002,24.39277,72.52614000000001
2025,Vacances,24618558.90469122,90068011.49486312,14064984692.867233,3.6585411779606685,0.6485569,0.8576516000000001,0.914978,156.1596005,0.9728883,37.730470000000004,0.5161432,0.2261368,0.2577201,0.6310475,False,64.85569,97.28883,85.76516000000001,91.4978,51.61432,22.61368,25.77201,63.104749999999996
2025,Visite famille,15710744.21780159,60776484.511860445,5539694132.110135,3.868466297286897,0.9263616,0.5108686,0.7934708,91.1486437,0.9754048,17.839409999999994,0.2048436,0.3656318,0.4295246,0.8607623999999999,False,92.63616,97.54048,51.08686,79.34708,20.48436,36.56318,42.952459999999995,86.07624
2025,Visite amis,6490191.815242904,26427068.252881076,2661533468.7114606,4.071847027820396,0.8854283,0.4885152,0.9156841,100.7124,0.9732809,28.14477,0.2810072,0.3068217,0.4121711,0.8552263,False,88.54283,97.32809,48.85152,91.56841,28.100720000000003,30.68217,41.21711,85.52262999999999
2025,Autres personnels,4682326.71384577,16384499.469341226,2239313564.3480396,3.4992217482158616,0.7791618,0.7778401,0.8497595,136.6726868,0.9723531999999999,24.586880000000004,0.4115918,0.2622079,0.3262003,0.7199991,False,77.91618,97.23531999999999,77.78401000000001,84.97595,41.15918,26.22079,32.62003,71.99991
2025,Réunions pro,5483262.211611143,17466686.984909102,2976677351.2801747,3.1854553568352655,0.889626,0.8995506,0.5080156,170.4202608,0.9637591000000001,5.367889999999997,0.2342131,0.5432199,0.222567,0.79201,False,88.96260000000001,96.37591,89.95506,50.80156,23.421310000000002,54.32199,22.2567,79.201
2025,Séminaires,3031749.977546213,8860862.362720033,1510424320.0148141,2.922689017348221,0.8980787,0.9296285,0.3447986,170.4601943,0.9645945,16.20875,0.2151749,0.5928832,0.1919419,0.801742,False,89.80787,96.45945,92.96285,34.47986,21.51749,59.288320000000006,19.19419,80.1742
2025,Salons/foires,1229058.656328342,4228757.701945615,769452773.4898334,3.440647588438534,0.861613,0.9172476,0.5022784,181.9571675,0.9658125000000001,16.255089999999996,0.3001465,0.3869854,0.3128681,0.7669451,False,86.1613,96.58125000000001,91.72476,50.22784,30.01465,38.69854,31.28681,76.69451000000001
2025,Congrès,1086825.460626035,3823955.769036028,718558323.2487016,3.5184635505625224,0.791989,0.8861673,0.4720953,187.9096848,0.9762517,24.037479999999995,0.3982525,0.4345269,0.1672206,0.6992936,False,79.19890000000001,97.62517,88.61673,47.20953,39.825250000000004,43.45269,16.72206,69.92936
